Date,Date,Open,HighOp,Low,Adj. Close,Volume
2018-10-05,2018-10-05,1167.5,1173.5,1145.12,1157.35,1184452.0
2018-10-04,2018-10-04,1195.33,1197.51,1155.58,1168.19,2209490.0
2018-10-03,2018-10-03,1205,1206.41,1193.83,1202.95,1256214.0
2018-10-02,2018-10-02,1190.96,1209.96,1186.63,1200.11,1687914.0
2018-10-01,2018-10-01,1199.89,1209.9,1190.3,1195.31,1357604.0
2018-09-28,2018-09-28,1191.87,1195.41,1184.5,1193.47,1380629.0
2018-09-27,2018-09-27,1186.73,1202.1,1183.63,1194.64,1260754.0
2018-09-26,2018-09-26,1185.15,1194.23,1174.77,1180.49,1462253.0
2018-09-25,2018-09-25,1176.15,1186.88,1168.0,1184.65,977731.0
2018-09-24,2018-09-24,1157.17,1178,1146.91,1173.37,1271017.0
2018-09-21,2018-09-21,1192,1192.21,1166.04,1166.09,4405584.0
2018-09-20,2018-09-20,1179.99,1189.89,1173.36,1186.87,1225387.0
2018-09-19,2018-09-19,1164.98,1173.21,1154.58,1171.09,1191386.0
2018-09-18,2018-09-18,1157.09,1176.08,1157.09,1161.22,1203686.0
2018-09-17,2018-09-17,1170.14,1177.24,1154.03,1156.05,1306522.0
2018-09-14,2018-09-14,1179.1,1180.43,1168.33,1172.53,943978.0
2018-09-13,2018-09-13,1170.74,1178.61,1162.85,1175.33,1431214.0
2018-09-12,2018-09-12,1172.72,1178.61,1158.36,1162.82,1295472.0
2018-09-11,2018-09-11,1161.63,1178.68,1156.24,1177.36,1209565.0
2018-09-10,2018-09-10,1172.19,1174.54,1160.11,1164.64,1115796.0
2018-09-07,2018-09-07,1158.67,1175.26,1157.22,1164.83,1401404.0
2018-09-06,2018-09-06,1186.3,1186.3,1152.0,1171.44,1888467.0
2018-09-05,2018-09-05,1193.8,1199.01,1162.0,1186.48,2061309.0
2018-09-04,2018-09-04,1204.27,1212.99,1192.5,1197.0,1831045.0
2018-08-31,2018-08-31,1234.98,1238.66,1211.29,1218.19,1816426.0
2018-08-30,2018-08-30,1244.23,1253.64,1232.59,1239.12,1331439.0
2018-08-29,2018-08-29,1237.45,1250.66,1236.36,1249.3,1309312.0
2018-08-28,2018-08-28,1241.29,1242.55,1228.69,1231.15,1304007.0
2018-08-27,2018-08-27,1227.6,1243.09,1225.72,1241.82,1156255.0
2018-08-24,2018-08-24,1208.82,1221.65,1206.36,1220.65,946840.0
2018-08-23,2018-08-23,1207.14,1221.28,1204.24,1205.38,992604.0
2018-08-22,2018-08-22,1200,1211.84,1199.0,1207.33,887389.0
2018-08-21,2018-08-21,1208,1217.26,1200.35,1201.62,1205580.0
2018-08-20,2018-08-20,1205.02,1211,1194.63,1207.77,870772.0
2018-08-17,2018-08-17,1202.03,1209.02,1188.24,1200.96,1389645.0
2018-08-16,2018-08-16,1224.73,1226,1202.55,1206.49,1343161.0
2018-08-15,2018-08-15,1229.26,1235.24,1209.51,1214.38,1828814.0
2018-08-14,2018-08-14,1235.19,1245.87,1225.11,1242.1,1348194.0
2018-08-13,2018-08-13,1236.98,1249.27,1233.64,1235.01,997346.0
2018-08-10,2018-08-10,1243,1245.7,1232.0,1237.61,1108919.0
2018-08-09,2018-08-09,1249.9,1255.54,1246.01,1249.1,848601.0
2018-08-08,2018-08-08,1240.47,1256.5,1238.01,1245.61,1370913.0
2018-08-07,2018-08-07,1237,1251.17,1236.17,1242.22,1493980.0
2018-08-06,2018-08-06,1225,1226.09,1215.8,1224.77,1081723.0
2018-08-03,2018-08-03,1229.62,1230,1215.06,1223.71,1089896.0
2018-08-02,2018-08-02,1205.9,1229.88,1204.79,1226.15,1531299.0
2018-08-01,2018-08-01,1228,1233.47,1210.21,1220.01,1567264.0
2018-07-31,2018-07-31,1220.01,1227.59,1205.6,1217.26,1644722.0
2018-07-30,2018-07-30,1228.01,1234.92,1211.47,1219.74,1849904.0
2018-07-27,2018-07-27,1271,1273.89,1231.0,1238.5,2130558.0
2018-07-26,2018-07-26,1251,1269.77,1249.02,1268.33,2405638.0
2018-07-25,2018-07-25,1239.13,1265.86,1239.13,1263.7,2139999.0
2018-07-24,2018-07-24,1262.59,1266,1235.56,1248.08,3318204.0
2018-07-23,2018-07-23,1181.01,1206.49,1181.0,1205.5,2619234.0
2018-07-20,2018-07-20,1186.96,1196.86,1184.22,1184.91,1248400.0
2018-07-19,2018-07-19,1191,1200,1183.32,1186.96,1276667.0
2018-07-18,2018-07-18,1196.56,1204.5,1190.34,1195.88,1393606.0
2018-07-17,2018-07-17,1172.22,1203.04,1170.6,1198.8,1610353.0
2018-07-16,2018-07-16,1189.39,1191,1179.28,1183.86,1055662.0
2018-07-13,2018-07-13,1185,1195.42,1180.0,1188.82,1222072.0
2018-07-12,2018-07-12,1159.89,1184.41,1155.94,1183.48,1251884.0
2018-07-11,2018-07-11,1144.59,1164.29,1141.0,1153.9,1119993.0
2018-07-10,2018-07-10,1156.98,1159.59,1149.59,1152.84,798412.0
2018-07-09,2018-07-09,1148.48,1154.67,1143.42,1154.05,908969.0
2018-07-06,2018-07-06,1123.58,1140.93,1120.74,1140.17,996079.0
2018-07-05,2018-07-05,1110.53,1127.5,1108.48,1124.27,1066685.0
2018-07-03,2018-07-03,1135.82,1135.82,1100.02,1102.89,679034.0
2018-07-02,2018-07-02,1099,1128,1093.8,1127.46,1217311.0
2018-06-29,2018-06-29,1120,1128.23,1115.0,1115.65,1315121.0
2018-06-28,2018-06-28,1102.09,1122.31,1096.01,1114.22,1072438.0
2018-06-27,2018-06-27,1121.34,1131.84,1103.62,1103.98,1293892.0
2018-06-26,2018-06-26,1128,1133.21,1116.66,1118.46,1563225.0
2018-06-25,2018-06-25,1143.6,1143.91,1112.78,1124.81,2157310.0
2018-06-22,2018-06-22,1159.14,1162.5,1147.26,1155.48,1310967.0
2018-06-21,2018-06-21,1174.85,1177.3,1152.23,1157.66,1238118.0
2018-06-20,2018-06-20,1175.31,1186.29,1169.16,1169.84,1648536.0
2018-06-19,2018-06-19,1158.5,1171.27,1154.01,1168.06,1621018.0
2018-06-18,2018-06-18,1143.65,1174.31,1143.59,1173.46,1413692.0
2018-06-15,2018-06-15,1148.86,1153.42,1143.49,1152.26,2122476.0
2018-06-14,2018-06-14,1143.85,1155.47,1140.64,1152.12,1350868.0
2018-06-13,2018-06-13,1141.12,1146.5,1133.38,1134.79,1506407.0
2018-06-12,2018-06-12,1131.07,1139.79,1130.74,1139.32,912018.0
2018-06-11,2018-06-11,1118.6,1137.26,1118.6,1129.99,1079294.0
2018-06-08,2018-06-08,1118.18,1126.67,1112.15,1120.87,1290845.0
2018-06-01,2018-06-01,1099.35,1120,1098.5,1119.5,2421598.0
2018-05-31,2018-05-31,1067.56,1097.19,1067.56,1084.99,3088305.0
2018-05-30,2018-05-30,1063.03,1069.21,1056.83,1067.8,1138457.0
2018-05-29,2018-05-29,1064.89,1073.37,1055.22,1060.32,1865139.0
2018-05-25,2018-05-25,1079.02,1082.56,1073.78,1075.66,899406.0
2018-05-24,2018-05-24,1079,1080.47,1066.15,1079.24,766773.0
2018-05-23,2018-05-23,1065.13,1080.78,1061.71,1079.69,1060683.0
2018-05-22,2018-05-22,1083.56,1086.59,1066.69,1069.73,1090002.0
2018-05-21,2018-05-21,1074.06,1088,1073.65,1079.58,1023211.0
2018-05-18,2018-05-18,1061.86,1069.94,1060.68,1066.36,1565240.0
2018-05-17,2018-05-17,1079.89,1086.87,1073.5,1078.59,1043766.0
2018-05-16,2018-05-16,1077.31,1089.27,1076.26,1081.77,1097317.0
2018-05-15,2018-05-15,1090,1090.05,1073.47,1079.23,1494872.0
2018-05-14,2018-05-14,1100,1110.75,1099.11,1100.2,1518077.0
2018-05-11,2018-05-11,1093.6,1101.33,1090.91,1098.26,1253665.0
2018-05-10,2018-05-10,1086.03,1100.44,1085.64,1097.57,1443025.0
2018-05-09,2018-05-09,1058.1,1085.44,1056.37,1082.76,2032818.0
2018-05-08,2018-05-08,1058.54,1060.55,1047.15,1053.91,1217721.0
2018-05-07,2018-05-07,1049.23,1061.68,1047.1,1054.79,1466065.0
2018-05-04,2018-05-04,1016.9,1048.51,1016.9,1048.21,1938658.0
2018-05-03,2018-05-03,1019,1029.68,1006.29,1023.72,1815058.0
2018-05-02,2018-05-02,1028.1,1040.39,1022.87,1024.38,1603081.0
2018-05-01,2018-05-01,1013.66,1038.47,1008.21,1037.31,1427857.0
2018-04-30,2018-04-30,1030.01,1037,1016.85,1017.33,1671254.0
2018-04-27,2018-04-27,1046,1049.5,1025.59,1030.05,1619796.0
2018-04-26,2018-04-26,1029.51,1047.98,1018.19,1040.04,2079533.0
2018-04-25,2018-04-25,1025.52,1032.49,1015.31,1021.18,2391105.0
2018-04-24,2018-04-24,1052,1057,1010.59,1019.98,4760260.0
2018-04-23,2018-04-23,1077.86,1082.72,1060.7,1067.45,2341258.0
2018-04-20,2018-04-20,1082,1092.35,1069.57,1072.96,1889686.0
2018-04-19,2018-04-19,1069.4,1094.17,1068.18,1087.7,1747671.0
2018-04-18,2018-04-18,1077.43,1077.43,1066.23,1072.08,1344138.0
2018-04-17,2018-04-17,1051.37,1077.88,1048.26,1074.16,2320266.0
2018-04-16,2018-04-16,1037,1043.24,1026.74,1037.98,1211208.0
2018-04-13,2018-04-13,1040.88,1046.42,1022.98,1029.27,1223017.0
2018-04-12,2018-04-12,1025.04,1040.69,1021.43,1032.51,1359389.0
2018-04-11,2018-04-11,1027.99,1031.36,1015.87,1019.97,1483881.0
2018-04-10,2018-04-10,1026.44,1036.28,1011.34,1031.64,2029648.0
2018-04-09,2018-04-09,1016.8,1039.6,1014.08,1015.45,1751559.0
2018-04-06,2018-04-06,1020,1031.42,1003.03,1007.04,1746430.0
2018-04-05,2018-04-05,1041.33,1042.79,1020.13,1027.81,1363049.0
2018-04-04,2018-04-04,993.41,1028.72,993.0,1025.14,2484651.0
2018-04-03,2018-04-03,1013.91,1020.99,994.07,1013.41,2275076.0
2018-04-02,2018-04-02,1022.82,1034.8,990.37,1006.47,2680400.0
2018-03-29,2018-03-29,1011.63,1043,1002.9,1031.79,2726830.0
2018-03-28,2018-03-28,998,1024.23,980.64,1004.56,3369275.0
2018-03-27,2018-03-27,1063,1064.84,996.92,1005.1,3095315.0
2018-03-26,2018-03-26,1046,1055.63,1008.4,1053.21,2665131.0
2018-03-23,2018-03-23,1047.03,1063.36,1021.22,1021.57,2156672.0
2018-03-22,2018-03-22,1081.88,1082.9,1045.91,1049.08,2666964.0
2018-03-21,2018-03-21,1092.74,1106.3,1085.15,1090.88,1878873.0
2018-03-20,2018-03-20,1099,1105.2,1083.46,1097.71,1831896.0
2018-03-19,2018-03-19,1120.01,1121.99,1089.01,1099.82,2805937.0
2018-03-16,2018-03-16,1154.14,1155.88,1131.96,1135.73,3091954.0
2018-03-15,2018-03-15,1149.96,1161.08,1134.54,1149.58,1472226.0
2018-03-14,2018-03-14,1145.21,1158.59,1141.44,1149.49,1291415.0
2018-03-13,2018-03-13,1170,1176.76,1133.33,1138.17,1907171.0
2018-03-12,2018-03-12,1163.85,1177.05,1157.42,1164.5,2172272.0
2018-03-09,2018-03-09,1136,1160.8,1132.46,1160.04,2128038.0
2018-03-08,2018-03-08,1115.32,1127.6,1112.8,1126.0,1355125.0
2018-03-07,2018-03-07,1089.19,1112.22,1085.48,1109.64,1292537.0
2018-03-06,2018-03-06,1099.22,1101.85,1089.78,1095.06,1532783.0
2018-03-05,2018-03-05,1075.14,1097.1,1069.0,1090.93,1202174.0
2018-03-02,2018-03-02,1053.08,1082,1048.12,1078.92,2271551.0
2018-03-01,2018-03-01,1107.87,1110.12,1067.0,1069.52,2515910.0
2018-02-28,2018-02-28,1123.03,1127.53,1103.24,1104.73,1882600.0
2018-02-27,2018-02-27,1141.24,1144.04,1118.0,1118.29,1774080.0
2018-02-26,2018-02-26,1127.8,1143.96,1126.7,1143.75,1559079.0
2018-02-23,2018-02-23,1112.64,1127.28,1104.71,1126.79,1260968.0
2018-02-22,2018-02-22,1116.19,1122.82,1102.59,1106.63,1317166.0
2018-02-21,2018-02-21,1106.47,1133.97,1106.33,1111.34,1512910.0
2018-02-20,2018-02-20,1090.57,1113.95,1088.52,1102.46,1423145.0
2018-02-16,2018-02-16,1088.41,1104.67,1088.31,1094.8,1681612.0
2018-02-15,2018-02-15,1079.07,1091.48,1064.34,1089.52,1843442.0
2018-02-14,2018-02-14,1048.95,1071.72,1046.75,1069.7,1555787.0
2018-02-13,2018-02-13,1045,1058.37,1044.09,1052.1,1265054.0
2018-02-12,2018-02-12,1048,1061.5,1040.93,1051.94,2057718.0
2018-02-09,2018-02-09,1017.25,1043.97,992.56,1037.78,3505862.0
2018-02-08,2018-02-08,1055.41,1058.62,1000.66,1001.52,2859136.0
2018-02-07,2018-02-07,1081.54,1081.78,1048.26,1048.58,2369232.0
2018-02-06,2018-02-06,1027.18,1081.71,1023.14,1080.6,3447956.0
2018-02-05,2018-02-05,1090.6,1110,1052.03,1055.8,3798301.0
2018-02-02,2018-02-02,1122,112CORRECTION MISSING9,4857943.0,,
2018-02-01,2018-02-01,1162.61,1174,1157.52,1167.7,2412114.0
2018-01-31,2018-01-31,1170.57,1173,1159.13,1169.94,1538688.0
2018-01-30,2018-01-30,1167.83,1176.52,1163.52,1163.69,1556346.0
2018-01-29,2018-01-29,1176.48,1186.89,1171.98,1175.58,1378913.0
2018-01-26,2018-01-26,1175.08,1175.84,1158.11,1175.84,2018755.0
2018-01-25,2018-01-25,1172.53,1175.94,1162.76,1170.37,1480540.0
2018-01-24,2018-01-24,1177.33,1179.86,1161.05,1164.24,1416625.0
2018-01-23,2018-01-23,1159.85,1171.63,1158.75,1169.97,1333056.0
2018-01-22,2018-01-22,1137.49,1159.88,1135.11,1155.81,1617975.0
2018-01-19,2018-01-19,1131.83,1137.86,1128.3,1137.51,1778229.0
2018-01-18,2018-01-18,1131.41,1132.51,1117.5,1129.79,1198234.0
2018-01-17,2018-01-17,1126.22,1132.6,1117.01,1131.98,1202639.0
2018-01-16,2018-01-16,1132.51,1139.91,1117.83,1121.76,1575261.0
2018-01-12,2018-01-12,1102.41,1124.29,1101.15,1122.26,1720533.0
2018-01-11,2018-01-11,1106.3,1106.53,1099.59,1105.52,978292.0
2018-01-10,2018-01-10,1097.1,1104.6,1096.11,1102.61,1042793.0
2018-01-09,2018-01-09,1109.4,1110.57,1101.23,1106.26,902541.0
2018-01-08,2018-01-08,1102.23,1111.27,1101.62,1106.94,1047603.0
2018-01-05,2018-01-05,1094,1104.25,1092.0,1102.23,1279123.0
2018-01-04,2018-01-04,1088,1093.57,1084.0,1086.4,1004605.0
2018-01-03,2018-01-03,1064.31,1086.29,1063.21,1082.48,1430170.0
2018-01-02,2018-01-02,1048.34,1066.94,1045.23,1065.0,1237564.0
2017-12-29,2017-12-29,1046.72,1049.7,1044.9,1046.4,887511.0
2017-12-28,2017-12-28,1051.6,1054.75,1044.77,1048.14,837121.0
2017-12-27,2017-12-27,1057.39,1058.37,1048.05,1049.37,1271911.0
2017-12-26,2017-12-26,1058.07,1060.12,1050.2,1056.74,761237.0
2017-12-22,2017-12-22,1061.11,1064.2,1059.44,1060.12,755095.0
2017-12-21,2017-12-21,1064.95,1069.33,1061.79,1063.63,995703.0
2017-12-20,2017-12-20,1071.78,1073.38,1061.52,1064.95,1268582.0
2017-12-19,2017-12-19,1075.2,1076.84,1063.55,1070.68,1338725.0
2017-12-18,2017-12-18,1066.08,1078.49,1062.0,1077.14,1554552.0
2017-12-15,2017-12-15,1054.61,1067.62,1049.5,1064.19,3275931.0
2017-12-14,2017-12-14,1045,1058.5,1043.11,1049.15,1558835.0
2017-12-13,2017-12-13,1046.12,1046.67,1038.38,1040.61,1282677.0
2017-12-12,2017-12-12,1039.63,1050.31,1033.69,1040.48,1279659.0
2017-12-11,2017-12-11,1035.5,1043.8,1032.05,1041.1,1192838.0
2017-12-08,2017-12-08,1037.49,1042.05,1032.52,1037.05,1290774.0
2017-12-07,2017-12-07,1020.43,1034.24,1018.07,1030.93,1458242.0
2017-12-06,2017-12-06,1001.5,1024.97,1001.14,1018.38,1271964.0
2017-12-05,2017-12-05,995.94,1020.61,988.28,1005.15,2067318.0
2017-12-04,2017-12-04,1012.66,1016.1,995.57,998.68,1906439.0
2017-12-01,2017-12-01,1015.8,1022.49,1002.02,1010.17,1909566.0
2017-11-30,2017-11-30,1022.37,1028.49,1015.0,1021.41,1724031.0
2017-11-29,2017-11-29,1042.68,1044.08,1015.65,1021.66,2459426.0
2017-11-28,2017-11-28,1055.09,1062.38,1040.0,1047.41,1424394.0
2017-11-27,2017-11-27,1040,1055.46,1038.44,1054.21,1307881.0
2017-11-24,2017-11-24,1035.87,1043.18,1035.0,1040.61,536996.0
2017-11-22,2017-11-22,1035,1039.71,1031.43,1035.96,746878.0
2017-11-21,2017-11-21,1023.31,1035.11,1022.66,1034.49,1096999.0
2017-11-20,2017-11-20,1020.26,1022.61,1017.5,1018.38,953470.0
2017-11-17,2017-11-17,1034.01,1034.42,1017.75,1019.09,1397064.0
2017-11-16,2017-11-16,1022.52,1035.92,1022.52,1032.5,1129688.0
2017-11-15,2017-11-15,1019.21,1024.09,1015.42,1020.91,853992.0
2017-11-14,2017-11-14,1022.59,1026.81,1014.15,1026.0,959222.0
2017-11-13,2017-11-13,1023.42,1031.58,1022.57,1025.75,885779.0
2017-11-10,2017-11-10,1026.46,1030.76,1025.28,1028.07,720676.0
2017-11-09,2017-11-09,1033.99,1033.99,1019.67,1031.26,1245246.0
2017-11-08,2017-11-08,1030.52,1043.52,1028.45,1039.85,1088716.0
2017-11-07,2017-11-07,1027.27,1033.97,1025.13,1033.33,1112331.0
2017-11-06,2017-11-06,1028.99,1034.87,1025.0,1025.9,1125185.0
2017-11-03,2017-11-03,1022.11,1032.65,1020.31,1032.48,1076350.0
2017-11-02,2017-11-02,1021.76,1028.09,1013.01,1025.58,1048970.0
2017-11-01,2017-11-01,1017.21,1029.67,1016.95,1025.5,1373444.0
2017-10-31,2017-10-31,1015.22,1024,1010.42,1016.64,1331391.0
2017-10-30,2017-10-30,1014,1024.97,1007.5,1017.11,2085062.0
2017-10-27,2017-10-27,1009.19,1048.39,1008.2,1019.27,5167689.0
2017-10-26,2017-10-26,980,987.6,972.2,972.56,2042149.0
2017-10-25,2017-10-25,968.37,976.09,960.52,973.33,1211262.0
2017-10-24,2017-10-24,970,972.23,961.0,970.54,1212153.0
2017-10-23,2017-10-23,989.52,989.52,966.12,968.45,1478448.0
2017-10-20,2017-10-20,989.44,991,984.58,988.2,1183186.0
2017-10-19,2017-10-19,986,988.88,978.39,984.45,1313575.0
2017-10-18,2017-10-18,991.77,996.72,986.97,992.81,1057581.0
2017-10-17,2017-10-17,990.29,996.44,988.59,992.18,1290186.0
2017-10-16,2017-10-16,992.1,993.91,984.0,992.0,910543.0
2017-10-13,2017-10-13,992,997.21,989.0,989.68,1169777.0
2017-10-12,2017-10-12,987.45,994.12,985.0,987.83,1262793.0
2017-10-11,2017-10-11,973.72,990.71,972.25,989.25,1693274.0
2017-10-10,2017-10-10,980,981.57,966.08,972.6,968362.0
2017-10-09,2017-10-09,980,985.43,976.11,977.0,891355.0
2017-10-06,2017-10-06,966.7,979.46,963.36,978.89,1173882.0
2017-10-05,2017-10-05,955.49,970.91,955.18,969.96,1213816.0
2017-10-04,2017-10-04,957,960.39,950.69,951.68,952391.0
2017-10-03,2017-10-03,954,958,949.14,957.79,888346.0
2017-10-02,2017-10-02,959.98,962.54,947.84,953.27,1283444.0
2017-09-29,2017-09-29,952,959.79,951.51,959.11,1580994.0
2017-09-28,2017-09-28,941.36,950.69,940.55,949.5,1020312.0
2017-09-27,2017-09-27,927.74,949.9,927.74,944.49,2239441.0
2017-09-26,2017-09-26,923.72,930.82,921.14,924.86,1666861.0
2017-09-25,2017-09-25,925.45,926.4,909.7,920.97,1856822.0
2017-09-22,2017-09-22,927.75,934.73,926.48,928.53,1052704.0
2017-09-21,2017-09-21,933,936.53,923.83,932.45,1290607.0
2017-09-20,2017-09-20,922.98,933.88,922.0,931.58,1669763.0
2017-09-19,2017-09-19,917.42,922.42,912.55,921.81,936654.0
2017-09-18,2017-09-18,920.01,922.08,910.6,915.0,1306922.0
2017-09-15,2017-09-15,924.66,926.49,916.36,920.29,2505430.0
2017-09-14,2017-09-14,931.25,932.77,924.0,925.11,1397644.0
2017-09-13,2017-09-13,930.66,937.25,929.86,935.09,1102631.0
2017-09-12,2017-09-12,932.59,933.48,923.86,932.07,1134397.0
2017-09-11,2017-09-11,934.25,938.38,926.92,929.08,1266991.0
2017-09-08,2017-09-08,936.49,936.99,924.88,926.5,1011538.0
2017-09-07,2017-09-07,931.73,936.41,923.62,935.95,1212743.0
2017-09-06,2017-09-06,930.15,930.92,919.27,927.81,1527650.0
2017-09-05,2017-09-05,933.08,937,921.96,928.45,1326432.0
2017-09-01,2017-09-01,941.13,942.48,935.15,937.34,947374.0
2017-08-31,2017-08-31,931.76,941.98,931.76,939.33,1582579.0
2017-08-30,2017-08-30,920.05,930.82,919.65,929.57,1301225.0
2017-08-29,2017-08-29,905.1,923.33,905.0,921.29,1185564.0
2017-08-28,2017-08-28,916,919.25,911.87,913.81,1086484.0
2017-08-25,2017-08-25,923.49,925.56,915.5,915.89,1053376.0
2017-08-24,2017-08-24,928.66,930.84,915.5,921.28,1270306.0
2017-08-23,2017-08-23,921.93,929.93,919.36,927.0,1090248.0
2017-08-22,2017-08-22,912.72,925.86,911.48,924.69,1166737.0
2017-08-21,2017-08-21,910,913,903.4,906.66,943441.0
2017-08-18,2017-08-18,910.31,915.28,907.15,910.67,1342689.0
2017-08-17,2017-08-17,925.78,926.86,910.98,910.98,1277238.0
2017-08-16,2017-08-16,925.29,932.7,923.45,926.96,1006711.0
2017-08-15,2017-08-15,924.23,926.55,919.82,922.22,883369.0
2017-08-14,2017-08-14,922.53,924.67,918.19,922.67,1064530.0
2017-08-11,2017-08-11,907.97,917.78,905.58,914.39,1206782.0
2017-08-10,2017-08-10,917.55,919.26,906.13,907.24,1823967.0
2017-08-09,2017-08-09,920.61,925.98,917.25,922.9,1192081.0
2017-08-08,2017-08-08,927.09,935.81,925.61,926.79,1061579.0
2017-08-07,2017-08-07,929.06,931.7,926.5,929.36,1032239.0
2017-08-04,2017-08-04,926.75,930.31,923.03,927.96,1082267.0
2017-08-03,2017-08-03,930.34,932.24,922.24,923.65,1202512.0
2017-08-02,2017-08-02,928.61,932.6,916.68,930.39,1824448.0
2017-08-01,2017-08-01,932.38,937.45,929.26,930.83,1277734.0
2017-07-31,2017-07-31,941.89,943.59,926.04,930.5,1970095.0
2017-07-28,2017-07-28,929.4,943.83,927.5,941.53,1846351.0
2017-07-27,2017-07-27,951.78,951.78,920.0,934.09,3212996.0
2017-07-26,2017-07-26,954.68,955,942.28,947.8,2088256.0
2017-07-25,2017-07-25,953.81,959.7,945.4,950.7,4660979.0
2017-07-24,2017-07-24,972.22,986.2,970.77,980.34,3248347.0
2017-07-21,2017-07-21,962.25,973.23,960.15,972.92,1711000.0
2017-07-20,2017-07-20,975,975.9,961.51,968.15,1624463.0
2017-07-19,2017-07-19,967.84,973.04,964.03,970.89,1224540.0
2017-07-18,2017-07-18,953,968.04,950.6,965.4,1153964.0
2017-07-17,2017-07-17,957,960.74,949.24,953.42,1165537.0
2017-07-14,2017-07-14,952,956.91,948.01,955.99,1053774.0
2017-07-13,2017-07-13,946.29,954.45,943.01,947.16,1294687.0
2017-07-12,2017-07-12,938.68,946.3,934.47,943.83,1532144.0
2017-07-11,2017-07-11,929.54,931.43,922.0,930.09,1113235.0
2017-07-10,2017-07-10,921.77,930.38,919.59,928.8,1192825.0
2017-07-07,2017-07-07,908.85,921.54,908.85,918.59,1637785.0
2017-07-06,2017-07-06,904.12,914.94,899.7,906.69,1424503.0
2017-07-05,2017-07-05,901.76,914.51,898.5,911.71,1813884.0
2017-07-03,2017-07-03,912.18,913.94,894.79,898.7,1710373.0
2017-06-30,2017-06-30,926.05,926.05,908.31,908.73,2090226.0
2017-06-29,2017-06-29,929.92,931.26,910.62,917.79,3299176.0
2017-06-28,2017-06-28,929,942.75,916.0,940.49,2721406.0
2017-06-27,2017-06-27,942.46,948.29,926.85,927.33,2579930.0
2017-06-26,2017-06-26,969.9,973.31,950.79,952.27,1598355.0
2017-06-23,2017-06-23,956.83,966,954.2,965.59,1527856.0
2017-06-22,2017-06-22,958.7,960.72,954.55,957.09,941958.0
2017-06-21,2017-06-21,953.64,960.1,950.76,959.45,1202233.0
2017-06-20,2017-06-20,957.52,961.62,950.01,950.63,1125990.0
2017-06-19,2017-06-19,949.96,959.99,949.05,957.37,1533336.0
2017-06-16,2017-06-16,940,942.04,931.6,939.78,3094711.0
2017-06-15,2017-06-15,933.97,943.34,924.44,942.31,2133050.0
2017-06-14,2017-06-14,959.92,961.15,942.25,950.76,1489715.0
2017-06-13,2017-06-13,951.91,959.98,944.09,953.4,2013337.0
2017-06-12,2017-06-12,939.56,949.36,915.23,942.9,3763529.0
2017-06-09,2017-06-09,984.5,984.5,935.63,949.83,3309389.0
2017-06-08,2017-06-08,982.35,984.57,977.2,983.41,1481916.0
2017-06-07,2017-06-07,979.65,984.15,975.77,981.08,1453874.0
2017-06-06,2017-06-06,983.16,988.25,975.14,976.57,1814624.0
2017-06-05,2017-06-05,976.55,986.91,975.1,983.68,1252106.0
2017-06-02,2017-06-02,969.46,975.88,966.0,975.6,1750955.0
2017-06-01,2017-06-01,968.95,971.5,960.01,966.95,1410458.0
2017-05-31,2017-05-31,975.02,979.27,960.18,964.86,2448067.0
2017-05-30,2017-05-30,970.31,976.2,969.49,975.88,1466654.0
2017-05-26,2017-05-26,969.7,974.98,965.03,971.47,1252010.0
2017-05-25,2017-05-25,957.33,972.63,955.47,969.54,1660474.0
2017-05-24,2017-05-24,952.98,955.09,949.5,954.96,1034199.0
2017-05-23,2017-05-23,947.92,951.47,942.58,948.82,1270817.0
2017-05-22,2017-05-22,935,941.88,935.0,941.86,1120385.0
2017-05-19,2017-05-19,931.47,937.76,931.0,934.01,1393024.0
2017-05-18,2017-05-18,921,933.17,918.75,930.24,1596897.0
2017-05-17,2017-05-17,935.67,939.33,918.14,919.62,2362072.0
2017-05-16,2017-05-16,940,943.11,937.58,943.0,969479.0
2017-05-15,2017-05-15,932.95,938.25,929.34,937.08,1108496.0
2017-05-12,2017-05-12,931.53,933.44,927.85,932.22,1050601.0
2017-05-11,2017-05-11,925.32,932.53,923.03,930.6,835386.0
2017-05-10,2017-05-10,931.98,932,925.16,928.78,1173925.0
2017-05-09,2017-05-09,936.95,937.5,929.53,932.17,1581809.0
2017-05-08,2017-05-08,926.12,936.93,925.26,934.3,1329825.0
2017-05-05,2017-05-05,933.54,934.9,925.2,927.13,1911275.0
2017-05-04,2017-05-04,926.07,935.93,924.59,931.66,1422144.0
2017-05-03,2017-05-03,914.86,928.1,912.54,927.04,1499532.0
2017-05-02,2017-05-02,909.62,920.77,909.45,916.44,1587219.0
2017-05-01,2017-05-01,901.94,915.68,901.45,912.57,2115993.0
2017-04-28,2017-04-28,910.66,916.85,905.77,905.96,3276255.0
2017-04-27,2017-04-27,873.6,875.4,870.38,874.25,2026816.0
2017-04-26,2017-04-26,874.23,876.05,867.75,871.73,1237167.0
2017-04-25,2017-04-25,865,875,862.81,872.3,1671972.0
2017-04-24,2017-04-24,851.2,863.45,849.86,862.76,1372541.0
2017-04-21,2017-04-21,842.88,843.88,840.6,843.19,1323583.0
2017-04-20,2017-04-20,841.44,845.2,839.32,841.65,959031.0
2017-04-19,2017-04-19,839.79,842.22,836.29,838.21,954330.0
2017-04-18,2017-04-18,834.22,838.93,832.71,836.82,836722.0
2017-04-17,2017-04-17,825.01,837.75,824.47,837.17,895015.0
2017-04-13,2017-04-13,822.14,826.38,821.44,823.56,1122362.0
2017-04-12,2017-04-12,821.93,826.66,821.02,824.32,900480.0
2017-04-11,2017-04-11,824.71,827.43,817.02,823.35,1079732.0
2017-04-10,2017-04-10,825.39,829.35,823.77,824.73,978905.0
2017-04-07,2017-04-07,827.96,828.49,820.51,824.67,1057253.0
2017-04-06,2017-04-06,832.4,836.39,826.46,827.88,1254433.0
2017-04-05,2017-04-05,835.51,842.45,830.72,831.41,1555328.0
2017-04-04,2017-04-04,831.36,835.18,829.04,834.57,1045363.0
2017-04-03,2017-04-03,829.22,840.85,829.22,838.55,1671503.0
2017-03-31,2017-03-31,828.97,831.64,827.39,829.56,1401893.0
2017-03-30,2017-03-30,833.5,833.68,829.0,831.5,1055339.0
2017-03-29,2017-03-29,825,832.77,822.38,831.41,1786321.0
2017-03-28,2017-03-28,820.41,825.99,814.03,820.92,1620542.0
2017-03-27,2017-03-27,806.95,821.63,803.37,819.51,1894990.0
2017-03-24,2017-03-24,820.08,821.93,808.89,814.43,1981006.0
2017-03-23,2017-03-23,821,822.57,812.26,817.58,3487056.0
2017-03-22,2017-03-22,831.91,835.55,827.18,829.59,1401465.0
2017-03-21,2017-03-21,851.4,853.5,829.02,830.46,2463484.0
2017-03-20,2017-03-20,850.01,850.22,845.15,848.4,1231521.0
2017-03-17,2017-03-17,851.61,853.4,847.11,852.12,1716471.0
2017-03-16,2017-03-16,849.03,850.85,846.13,848.78,977560.0
2017-03-15,2017-03-15,847.59,848.63,840.77,847.2,1381474.0
2017-03-14,2017-03-14,843.64,847.24,840.8,845.62,780198.0
2017-03-13,2017-03-13,844,848.69,843.25,845.54,1223647.0
2017-03-10,2017-03-10,843.28,844.91,839.5,843.25,1704024.0
2017-03-09,2017-03-09,836,842,834.21,838.68,1261517.0
2017-03-08,2017-03-08,833.51,838.15,831.79,835.37,989773.0
2017-03-07,2017-03-07,827.4,833.41,826.52,831.91,1037630.0
2017-03-06,2017-03-06,826.95,828.88,822.4,827.78,1109037.0
2017-03-03,2017-03-03,830.56,831.36,825.75,829.08,896378.0
2017-03-02,2017-03-02,833.85,834.51,829.64,830.63,942476.0
2017-03-01,2017-03-01,828.85,836.26,827.26,835.24,1496540.0
2017-02-28,2017-02-28,825.61,828.54,820.2,823.21,2260769.0
2017-02-27,2017-02-27,824.55,830.5,824.0,829.28,1101466.0
2017-02-24,2017-02-24,827.73,829,824.2,828.64,1392202.0
2017-02-23,2017-02-23,830.12,832.46,822.88,831.33,1472771.0
2017-02-22,2017-02-22,828.66,833.25,828.64,830.76,987248.0
2017-02-21,2017-02-21,828.66,833.45,828.35,831.66,1262337.0
2017-02-17,2017-02-17,823.02,828.07,821.66,828.07,1611039.0
2017-02-16,2017-02-16,819.93,824.4,818.98,824.16,1287626.0
2017-02-15,2017-02-15,819.36,823,818.47,818.98,1313617.0
2017-02-14,2017-02-14,819,823,816.0,820.45,1054732.0
2017-02-13,2017-02-13,816,820.96,815.49,819.24,1213324.0
2017-02-10,2017-02-10,811.7,815.25,809.78,813.67,1134976.0
2017-02-09,2017-02-09,809.51,810.66,804.54,809.56,990391.0
2017-02-08,2017-02-08,807,811.84,803.19,808.38,1155990.0
2017-02-07,2017-02-07,803.99,810.5,801.78,806.97,1241221.0
2017-02-06,2017-02-06,799.7,801.67,795.25,801.34,1184483.0
2017-02-03,2017-02-03,802.99,806,800.37,801.49,1463448.0
2017-02-02,2017-02-02,793.8,802.7,792.0,798.53,1532138.0
2017-02-01,2017-02-01,799.68,801.19,791.19,795.7,2029744.0
2017-01-31,2017-01-31,796.86,801.25,790.52,796.79,2160556.0
2017-01-30,2017-01-30,814.66,815.84,799.8,802.32,3246573.0
2017-01-27,2017-01-27,834.71,841.95,820.44,823.31,2965771.0
2017-01-26,2017-01-26,837.81,838,827.01,832.15,2973891.0
2017-01-25,2017-01-25,829.62,835.77,825.06,835.67,1627304.0
2017-01-24,2017-01-24,822.3,825.9,817.82,823.87,1474010.0
2017-01-23,2017-01-23,807.25,820.87,803.74,819.31,1963628.0
2017-01-20,2017-01-20,806.91,806.91,801.69,805.02,1670045.0
2017-01-19,2017-01-19,805.12,809.48,801.8,802.18,919325.0
2017-01-18,2017-01-18,805.81,806.21,800.99,806.07,1294407.0
2017-01-17,2017-01-17,807.08,807.14,800.37,804.61,1362115.0
2017-01-13,2017-01-13,807.48,811.22,806.69,807.88,1099215.0
2017-01-12,2017-01-12,807.14,807.39,799.17,806.36,1353057.0
2017-01-11,2017-01-11,805,808.15,801.37,807.91,1065936.0
2017-01-10,2017-01-10,807.86,809.13,803.51,804.79,1176780.0
2017-01-09,2017-01-09,806.4,809.97,802.83,806.65,1274645.0
2017-01-06,2017-01-06,795.26,807.9,792.2,806.15,1640170.0
2017-01-05,2017-01-05,786.08,794.48,785.02,794.02,1335167.0
2017-01-04,2017-01-04,788.36,791.34,783.16,786.9,1072958.0
2017-01-03,2017-01-03,778.81,789.63,775.8,786.14,1657268.0
2016-12-30,2016-12-30,782.75,782.78,770.41,771.82,1769950.0
2016-12-29,2016-12-29,783.33,785.93,778.92,782.79,744272.0
2016-12-28,2016-12-28,793.7,794.23,783.2,785.05,1153824.0
2016-12-27,2016-12-27,790.68,797.86,787.66,791.55,789321.0
2016-12-23,2016-12-23,790.9,792.74,787.28,789.91,623944.0
2016-12-22,2016-12-22,792.36,793.32,788.58,791.26,972169.0
2016-12-21,2016-12-21,795.84,796.68,787.1,794.56,1211346.0
2016-12-20,2016-12-20,796.76,798.65,793.27,796.42,951014.0
2016-12-19,2016-12-19,790.22,797.66,786.27,794.2,1232087.0
2016-12-16,2016-12-16,800.4,800.86,790.29,790.8,2443796.0
2016-12-15,2016-12-15,797.34,803,792.92,797.85,1626499.0
2016-12-14,2016-12-14,797.4,804,794.01,797.07,1704150.0
2016-12-13,2016-12-13,793.9,804.38,793.34,796.1,2145209.0
2016-12-12,2016-12-12,785.04,791.25,784.36,789.27,2104117.0
2016-12-09,2016-12-09,780,789.43,779.02,789.29,1821914.0
2016-12-08,2016-12-08,772.48,778.18,767.23,776.42,1488059.0
2016-12-07,2016-12-07,761,771.36,755.8,771.19,1760966.0
2016-12-06,2016-12-06,764.73,768.83,757.34,759.11,1690689.0
2016-12-05,2016-12-05,757.71,763.9,752.9,762.52,1394223.0
2016-12-02,2016-12-02,744.59,754,743.1,750.5,1452484.0
2016-12-01,2016-12-01,757.44,759.85,737.02,747.92,3017947.0
2016-11-30,2016-11-30,770.07,772.99,754.83,758.04,2392890.0
2016-11-29,2016-11-29,771.53,778.5,768.24,770.84,1616618.0
2016-11-28,2016-11-28,760,779.53,759.8,768.24,2188151.0
2016-11-25,2016-11-25,764.26,765,760.52,761.68,587421.0
2016-11-23,2016-11-23,767.73,768.28,755.25,760.99,1478417.0
2016-11-22,2016-11-22,772.63,776.96,767.0,768.27,1593108.0
2016-11-21,2016-11-21,762.61,769.7,760.6,769.2,1330639.0
2016-11-18,2016-11-18,771.37,775,760.0,760.54,1547145.0
2016-11-17,2016-11-17,766.92,772.7,764.23,771.23,1304048.0
2016-11-16,2016-11-16,755.2,766.36,750.51,764.48,1472594.0
2016-11-15,2016-11-15,746.97,764.42,746.97,758.49,2384001.0
2016-11-14,2016-11-14,755.6,757.85,727.54,736.08,3654385.0
2016-11-11,2016-11-11,756.54,760.78,750.38,754.02,2431815.0
2016-11-10,2016-11-10,791.17,791.17,752.18,762.56,4745183.0
2016-11-09,2016-11-09,779.94,791.23,771.67,785.31,2607121.0
2016-11-08,2016-11-08,783.4,795.63,780.19,790.51,1366873.0
2016-11-07,2016-11-07,774.5,785.19,772.55,782.52,1585070.0
2016-11-04,2016-11-04,750.66,770.36,750.56,762.02,2134812.0
2016-11-03,2016-11-03,767.25,769.95,759.03,762.13,1943175.0
2016-11-02,2016-11-02,778.2,781.65,763.45,768.7,1918414.0
2016-11-01,2016-11-01,782.89,789.49,775.54,783.61,2406356.0
2016-10-31,2016-10-31,795.47,796.86,784.0,784.54,2427284.0
2016-10-28,2016-10-28,808.35,815.49,793.59,795.37,4269902.0
2016-10-27,2016-10-27,801,803.49,791.5,795.35,2749221.0
2016-10-26,2016-10-26,806.34,806.98,796.32,799.07,1647733.0
2016-10-25,2016-10-25,816.68,816.68,805.14,807.67,1576404.0
2016-10-24,2016-10-24,804.9,815.18,804.82,813.11,1697514.0
2016-10-21,2016-10-21,795,799.5,794.0,799.37,1266181.0
2016-10-20,2016-10-20,803.3,803.97,796.03,796.97,1757528.0
2016-10-19,2016-10-19,798.86,804.63,797.64,801.56,1766798.0
2016-10-18,2016-10-18,787.85,801.61,785.57,795.26,2056903.0
2016-10-17,2016-10-17,779.8,785.85,777.5,779.96,1092973.0
2016-10-14,2016-10-14,781.65,783.95,776.0,778.53,852487.0
2016-10-13,2016-10-13,781.22,781.22,773.0,778.19,1365277.0
2016-10-12,2016-10-12,783.76,788.13,782.06,786.14,937435.0
2016-10-11,2016-10-11,786.66,792.28,780.58,783.07,1372461.0
2016-10-10,2016-10-10,777.71,789.38,775.87,785.94,1174923.0
2016-10-07,2016-10-07,779.66,779.66,770.75,775.08,933158.0
2016-10-06,2016-10-06,779,780.48,775.54,776.86,1070692.0
2016-10-05,2016-10-05,779.31,782.07,775.65,776.47,1461151.0
2016-10-04,2016-10-04,776.03,778.71,772.89,776.43,1201350.0
2016-10-03,2016-10-03,774.25,776.07,769.5,772.56,1278821.0
2016-09-30,2016-09-30,776.33,780.94,774.09,777.29,1585333.0
2016-09-29,2016-09-29,781.44,785.8,774.23,775.01,1314746.0
2016-09-28,2016-09-28,777.85,781.81,774.97,781.56,1109834.0
2016-09-27,2016-09-27,775.5,785.99,774.31,783.01,1153247.0
2016-09-26,2016-09-26,782.74,782.74,773.07,774.21,1533206.0
2016-09-23,2016-09-23,786.59,788.93,784.15,786.9,1411937.0
2016-09-22,2016-09-22,780,789.85,778.44,787.21,1486223.0
2016-09-21,2016-09-21,772.66,777.16,768.3,776.22,1167810.0
2016-09-20,2016-09-20,769,773.33,768.53,771.41,978631.0
2016-09-19,2016-09-19,772.42,774,764.44,765.7,1172824.0
2016-09-16,2016-09-16,769.75,769.75,764.66,768.88,2049338.0
2016-09-15,2016-09-15,762.89,773.8,759.96,771.76,1346751.0
2016-09-14,2016-09-14,759.61,767.68,759.11,762.49,1094490.0
2016-09-13,2016-09-13,764.48,766.22,755.8,759.69,1395046.0
2016-09-12,2016-09-12,755.13,770.29,754.0,769.02,1310986.0
2016-09-09,2016-09-09,770.1,773.25,759.66,759.66,1885496.0
2016-09-08,2016-09-08,778.59,780.35,773.58,775.32,1270264.0
2016-09-07,2016-09-07,780,782.73,776.2,780.35,894021.0
2016-09-06,2016-09-06,773.45,782,771.0,780.08,1442822.0
2016-09-02,2016-09-02,773.01,773.92,768.41,771.46,1072658.0
2016-09-01,2016-09-01,769.25,771.02,764.3,768.78,925131.0
2016-08-31,2016-08-31,767.01,769.09,765.38,767.05,1248556.0
2016-08-30,2016-08-30,769.33,774.47,766.84,769.09,1130029.0
2016-08-29,2016-08-29,768.74,774.99,766.62,772.15,847565.0
2016-08-26,2016-08-26,769,776.08,765.85,769.54,1166681.0
2016-08-25,2016-08-25,767,771.89,763.18,769.41,926883.0
2016-08-24,2016-08-24,770.58,774.5,767.07,769.64,1071999.0
2016-08-23,2016-08-23,775.48,776.44,771.79,772.08,928232.0
2016-08-22,2016-08-22,773.27,774.54,770.05,772.15,951362.0
2016-08-19,2016-08-19,775,777.1,773.13,775.42,861546.0
2016-08-18,2016-08-18,780.01,782.86,777.0,777.5,719429.0
2016-08-17,2016-08-17,777.32,780.81,773.53,779.91,924226.0
2016-08-16,2016-08-16,780.3,780.98,773.44,777.14,1028047.0
2016-08-15,2016-08-15,783.75,787.49,780.11,782.44,938186.0
2016-08-12,2016-08-12,781.5,783.4,780.4,783.22,740498.0
2016-08-11,2016-08-11,785,789.75,782.97,784.85,975113.0
2016-08-10,2016-08-10,783.75,786.81,782.78,784.68,786363.0
2016-08-09,2016-08-09,781.1,788.94,780.57,784.26,1318894.0
2016-08-08,2016-08-08,782,782.63,778.09,781.76,1107857.0
2016-08-05,2016-08-05,773.78,783.04,772.34,782.22,1801205.0
2016-08-04,2016-08-04,772.22,774.07,768.8,771.61,1140254.0
2016-08-03,2016-08-03,767.18,773.21,766.82,773.18,1287421.0
2016-08-02,2016-08-02,768.69,775.84,767.85,771.07,1784525.0
2016-08-01,2016-08-01,761.09,780.43,761.09,772.88,2700470.0
2016-07-29,2016-07-29,772.71,778.55,766.77,768.79,3841482.0
2016-07-28,2016-07-28,747.04,748.65,739.3,745.91,3530169.0
2016-07-27,2016-07-27,738.28,744.46,737.0,741.77,1512517.0
2016-07-26,2016-07-26,739.04,741.69,734.27,738.42,1186738.0
2016-07-25,2016-07-25,740.67,742.61,737.5,739.77,1032432.0
2016-07-22,2016-07-22,741.86,743.24,736.56,742.74,1259823.0
2016-07-21,2016-07-21,740.36,741.69,735.83,738.63,1026306.0
2016-07-20,2016-07-20,737.33,742.13,737.1,741.19,1289671.0
2016-07-19,2016-07-19,729.89,736.99,729.0,736.96,1227486.0
2016-07-18,2016-07-18,722.71,736.13,721.19,733.78,1295476.0
2016-07-15,2016-07-15,725.73,725.74,719.06,719.85,1279339.0
2016-07-14,2016-07-14,721.58,722.21,718.03,720.95,950193.0
2016-07-13,2016-07-13,723.62,724,716.85,716.98,935876.0
2016-07-12,2016-07-12,719.12,722.94,715.91,720.64,1336921.0
2016-07-11,2016-07-11,708.05,716.51,707.24,715.09,1111762.0
2016-07-08,2016-07-08,699.5,705.71,696.44,705.63,1575166.0
2016-07-07,2016-07-07,698.08,698.2,688.22,695.36,1304200.0
2016-07-06,2016-07-06,689.98,701.68,689.09,697.77,1411925.0
2016-07-05,2016-07-05,696.06,696.94,688.88,694.49,1462616.0
2016-07-01,2016-07-01,692.2,700.65,692.13,699.21,1344710.0
2016-06-30,2016-06-30,685.47,692.32,683.65,692.1,1597714.0
2016-06-29,2016-06-29,683,687.43,681.41,684.11,1932561.0
2016-06-28,2016-06-28,678.97,680.33,673.0,680.04,2173762.0
2016-06-27,2016-06-27,671,672.3,663.28,668.26,2641085.0
2016-06-24,2016-06-24,675.17,689.4,673.45,675.22,4449022.0
2016-06-23,2016-06-23,697.45,701.95,687.0,701.87,2171415.0
2016-06-22,2016-06-22,699.06,700.86,693.08,697.46,1184318.0
2016-06-21,2016-06-21,698.4,702.77,692.01,695.94,1465634.0
2016-06-20,2016-06-20,698.77,702.48,693.41,693.71,2082538.0
2016-06-17,2016-06-17,708.65,708.82,688.45,691.72,3402357.0
2016-06-16,2016-06-16,714.91,716.65,703.26,710.36,1982471.0
2016-06-15,2016-06-15,719,722.98,717.31,718.92,1214517.0
2016-06-14,2016-06-14,716.48,722.47,713.12,718.27,1306065.0
2016-06-13,2016-06-13,716.51,725.44,716.51,718.36,1258930.0
2016-06-10,2016-06-10,719.47,725.89,716.43,719.41,1216443.0
2016-06-09,2016-06-09,722.87,729.54,722.34,728.58,988914.0
2016-06-08,2016-06-08,723.96,728.57,720.58,728.28,1583701.0
2016-06-07,2016-06-07,719.84,721.98,716.55,716.65,1336754.0
2016-06-06,2016-06-06,724.91,724.91,714.61,716.55,1566059.0
2016-06-03,2016-06-03,729.27,729.49,720.56,722.34,1226253.0
2016-06-02,2016-06-02,732.5,733.02,724.17,730.4,1341807.0
2016-06-01,2016-06-01,734.53,737.21,730.66,734.15,1253593.0
2016-05-31,2016-05-31,731.74,739.73,731.26,735.72,2129545.0
2016-05-27,2016-05-27,724.01,733.94,724.0,732.66,1974962.0
2016-05-26,2016-05-26,722.87,728.33,720.28,724.12,1576286.0
2016-05-25,2016-05-25,720.76,727.51,719.7,725.27,1632564.0
2016-05-24,2016-05-24,706.86,720.97,706.86,720.09,1929467.0
2016-05-23,2016-05-23,706.53,711.48,704.18,704.24,1330692.0
2016-05-20,2016-05-20,701.62,714.58,700.52,709.74,1828387.0
2016-05-19,2016-05-19,702.36,706,696.8,700.32,1670234.0
2016-05-18,2016-05-18,703.67,711.6,700.63,706.63,1766836.0
2016-05-17,2016-05-17,715.99,721.52,704.11,706.23,2001225.0
2016-05-16,2016-05-16,709.13,718.48,705.65,716.49,1317069.0
2016-05-13,2016-05-13,711.93,716.66,709.26,710.83,1314499.0
2016-05-12,2016-05-12,717.06,719.25,709.0,713.31,1361332.0
2016-05-11,2016-05-11,723.41,724.48,712.8,715.29,1692063.0
2016-05-10,2016-05-10,716.75,723.5,715.72,723.18,1569591.0
2016-05-09,2016-05-09,712,718.71,710.0,712.9,1510289.0
2016-05-06,2016-05-06,698.38,711.86,698.11,711.12,1829291.0
2016-05-05,2016-05-05,697.7,702.32,695.72,701.43,1683507.0
2016-05-04,2016-05-04,690.49,699.75,689.01,695.7,1693525.0
2016-05-03,2016-05-03,696.87,697.84,692.0,692.36,1543785.0
2016-05-02,2016-05-02,697.63,700.64,691.0,698.21,1645265.0
2016-04-29,2016-04-29,690.7,697.62,689.0,693.01,2487673.0
2016-04-28,2016-04-28,708.26,714.17,689.55,691.02,2867255.0
2016-04-27,2016-04-27,707.29,708.98,692.37,705.84,3098587.0
2016-04-26,2016-04-26,725.42,725.77,703.03,708.14,2744587.0
2016-04-25,2016-04-25,716.1,723.93,715.59,723.15,1959179.0
2016-04-22,2016-04-22,726.3,736.12,713.61,718.77,5951938.0
2016-04-21,2016-04-21,755.38,760.45,749.55,759.14,3060490.0
2016-04-20,2016-04-20,758,758.13,750.01,752.67,1529217.0
2016-04-19,2016-04-19,769.51,769.9,749.33,753.93,2030526.0
2016-04-18,2016-04-18,760.46,768.05,757.3,766.61,1558848.0
2016-04-15,2016-04-15,753.98,761,752.69,759.0,1809332.0
2016-04-14,2016-04-14,754.01,757.31,752.71,753.2,1135271.0
2016-04-13,2016-04-13,749.16,754.38,744.26,751.72,1707641.0
2016-04-12,2016-04-12,738,743.83,731.01,743.09,1352992.0
2016-04-11,2016-04-11,743.02,745,736.05,736.1,1220088.0
2016-04-08,2016-04-08,743.97,745.45,735.55,739.15,1290787.0
2016-04-07,2016-04-07,745.37,747,736.28,740.28,1453185.0
2016-04-06,2016-04-06,735.77,746.24,735.56,745.69,1053713.0
2016-04-05,2016-04-05,738,742.8,735.37,737.8,1132294.0
2016-04-04,2016-04-04,750.06,752.8,742.43,745.29,1134390.0
2016-04-01,2016-04-01,738.6,750.34,737.0,749.91,1576745.0
2016-03-31,2016-03-31,749.25,750.85,740.94,744.95,1718798.0
2016-03-30,2016-03-30,750.1,757.88,748.74,750.53,1782427.0
2016-03-29,2016-03-29,734.59,747.25,728.76,744.77,1903758.0
2016-03-28,2016-03-28,736.79,738.99,732.5,733.53,1301327.0
2016-03-24,2016-03-24,732.01,737.75,731.0,735.3,1594891.0
2016-03-23,2016-03-23,742.36,745.72,736.15,738.06,1432099.0
2016-03-22,2016-03-22,737.46,745,737.46,740.75,1269749.0
2016-03-21,2016-03-21,736.5,742.5,733.52,742.09,1836503.0
2016-03-18,2016-03-18,741.86,742,731.83,737.6,2980709.0
2016-03-17,2016-03-17,736.45,743.07,736.0,737.78,1860834.0
2016-03-16,2016-03-16,726.37,737.47,724.51,736.09,1624370.0
2016-03-15,2016-03-15,726.92,732.29,724.77,728.33,1720965.0
2016-03-14,2016-03-14,726.81,735.5,725.15,730.49,1718252.0
2016-03-11,2016-03-11,720,726.92,717.13,726.82,1970815.0
2016-03-10,2016-03-10,708.12,716.44,703.36,712.82,2833525.0
2016-03-09,2016-03-09,698.47,705.68,694.0,705.24,1421515.0
2016-03-08,2016-03-08,688.59,703.79,685.34,693.97,2076331.0
2016-03-07,2016-03-07,706.9,708.09,686.9,695.16,2988026.0
2016-03-04,2016-03-04,714.99,716.49,706.02,710.89,1972077.0
2016-03-03,2016-03-03,718.68,719.45,706.02,712.42,1957974.0
2016-03-02,2016-03-02,719,720,712.0,718.85,1629003.0
2016-03-01,2016-03-01,703.62,718.81,699.77,718.81,2151419.0
2016-02-29,2016-02-29,700.32,710.89,697.68,697.77,2481145.0
2016-02-26,2016-02-26,708.58,713.43,700.86,705.07,2243522.0
2016-02-25,2016-02-25,700.01,705.98,690.59,705.75,1642166.0
2016-02-24,2016-02-24,688.92,700,680.78,699.56,1963573.0
2016-02-23,2016-02-23,701.45,708.4,693.58,695.85,2009280.0
2016-02-22,2016-02-22,707.45,713.24,702.51,706.46,1949816.0
2016-02-19,2016-02-19,695.03,703.08,694.05,700.91,1589281.0
2016-02-18,2016-02-18,710,712.35,696.03,697.35,1883248.0
2016-02-17,2016-02-17,699,709.75,691.38,708.4,2492634.0
2016-02-16,2016-02-16,692.98,698,685.05,691.0,2520021.0
2016-02-12,2016-02-12,690.26,693.75,678.6,682.4,2141373.0
2016-02-11,2016-02-11,675,689.35,668.87,683.11,3024043.0
2016-02-10,2016-02-10,686.86,701.31,682.13,684.12,2638007.0
2016-02-09,2016-02-09,672.32,699.9,668.77,678.11,3608914.0
2016-02-08,2016-02-08,667.85,684.03,663.06,682.74,4247355.0
2016-02-05,2016-02-05,703.87,703.99,680.15,683.57,5105725.0
2016-02-04,2016-02-04,722.81,727,701.86,708.01,5168709.0
2016-02-03,2016-02-03,770.22,774.5,720.5,726.95,6171019.0
2016-02-02,2016-02-02,784.5,789.87,764.65,764.65,6348126.0
2016-02-01,2016-02-01,750.46,757.86,743.27,752.0,5139157.0
2016-01-29,2016-01-29,731.53,744.99,726.8,742.95,3474319.0
2016-01-28,2016-01-28,722.22,733.69,712.35,730.96,2676397.0
2016-01-27,2016-01-27,713.67,718.24,694.39,699.99,2194227.0
2016-01-26,2016-01-26,713.85,718.28,706.48,713.04,1331691.0
2016-01-25,2016-01-25,723.58,729.68,710.01,711.67,1711716.0
2016-01-22,2016-01-22,723.6,728.13,720.12,725.25,2011797.0
2016-01-21,2016-01-21,702.18,719.19,694.46,706.59,2412211.0
2016-01-20,2016-01-20,688.61,706.85,673.26,698.45,3444962.0
2016-01-19,2016-01-19,703.3,709.98,693.41,701.79,2268078.0
2016-01-15,2016-01-15,692.29,706.74,685.37,694.45,3608109.0
2016-01-14,2016-01-14,705.38,721.93,689.1,714.72,2225768.0
2016-01-13,2016-01-13,730.85,734.74,698.61,700.56,2501730.0
2016-01-12,2016-01-12,721.68,728.75,717.32,726.07,2024509.0
2016-01-11,2016-01-11,716.61,718.86,703.54,716.03,2090621.0
2016-01-08,2016-01-08,731.45,733.23,713.0,714.47,2450857.0
2016-01-07,2016-01-07,730.31,738.5,719.06,726.39,2963741.0
2016-01-06,2016-01-06,730,747.18,728.92,743.62,1947034.0
2016-01-05,2016-01-05,746.45,752,738.64,742.58,1950691.0
2016-01-04,2016-01-04,743,744.06,731.26,741.84,3272776.0
2015-12-31,2015-12-31,769.5,769.5,758.34,758.88,1500923.0
2015-12-30,2015-12-30,776.6,777.6,766.9,771.0,1293521.0
2015-12-29,2015-12-29,766.69,779.98,766.43,776.6,1765012.0
2015-12-28,2015-12-28,752.92,762.99,749.52,762.51,1515716.0
2015-12-24,2015-12-24,749.55,751.35,746.62,748.4,527223.0
2015-12-23,2015-12-23,753.47,754.21,744.0,750.31,1566726.0
2015-12-22,2015-12-22,751.65,754.85,745.53,750.0,1365520.0
2015-12-21,2015-12-21,746.13,750,740.0,747.77,1525703.0
2015-12-18,2015-12-18,746.51,754.13,738.15,739.31,3148743.0
2015-12-17,2015-12-17,762.42,762.68,749.0,749.43,1553418.0
2015-12-16,2015-12-16,750,760.59,739.44,758.09,1993251.0
2015-12-15,2015-12-15,753,758.08,743.01,743.4,2666229.0
2015-12-14,2015-12-14,741.79,748.73,724.17,747.77,2421236.0
2015-12-11,2015-12-11,741.16,745.71,736.75,738.87,2224410.0
2015-12-10,2015-12-10,752.85,755.85,743.83,749.46,1988380.0
2015-12-09,2015-12-09,759.17,764.23,737.0,751.61,2699990.0
2015-12-08,2015-12-08,757.89,764.8,754.2,762.37,1829475.0
2015-12-07,2015-12-07,767.77,768.73,755.09,763.25,1812314.0
2015-12-04,2015-12-04,753.1,768.49,750.0,766.81,2757283.0
2015-12-03,2015-12-03,766.01,769,745.63,752.54,2590641.0
2015-12-02,2015-12-02,768.9,775.96,758.96,762.38,2230373.0
2015-12-01,2015-12-01,747.11,768.95,746.7,767.04,2134621.0
2015-11-30,2015-11-30,748.81,754.93,741.27,742.6,2097624.0
2015-11-27,2015-11-27,748.46,753.41,747.49,750.26,838528.0
2015-11-25,2015-11-25,748.14,752,746.06,748.15,1122224.0
2015-11-24,2015-11-24,752,755.28,737.63,748.28,2334197.0
2015-11-23,2015-11-23,757.45,762.71,751.82,755.98,1415385.0
2015-11-20,2015-11-20,746.53,757.92,743.0,756.6,2213284.0
2015-11-19,2015-11-19,738.74,742,737.43,738.41,1327879.0
2015-11-18,2015-11-18,727.58,741.41,727.0,740.0,1684259.0
2015-11-17,2015-11-17,729.29,731.85,723.03,725.3,1510903.0
2015-11-16,2015-11-16,715.6,729.49,711.33,728.96,1905893.0
2015-11-13,2015-11-13,729.17,731.15,716.73,717.0,2075504.0
2015-11-12,2015-11-12,731,737.8,728.65,731.23,1837154.0
2015-11-11,2015-11-11,732.46,741,730.23,735.4,1366995.0
2015-11-10,2015-11-10,724.4,730.59,718.5,728.32,1607994.0
2015-11-09,2015-11-09,730.2,734.71,719.43,724.89,2069807.0
2015-11-06,2015-11-06,731.5,735.41,727.01,733.76,1511599.0
2015-11-05,2015-11-05,729.47,739.48,729.47,731.25,1861550.0
2015-11-04,2015-11-04,722,733.1,721.9,728.11,1706700.0
2015-11-03,2015-11-03,718.86,724.65,714.72,722.16,1565379.0
2015-11-02,2015-11-02,711.06,721.62,705.85,721.11,1886250.0
2015-10-30,2015-10-30,715.73,718,710.05,710.81,1908774.0
2015-10-29,2015-10-29,710.5,718.26,710.01,716.92,1455965.0
2015-10-28,2015-10-28,707.33,712.98,703.08,712.95,2178917.0
2015-10-27,2015-10-27,707.38,713.62,704.55,708.49,2245796.0
2015-10-26,2015-10-26,701.55,719.15,701.26,712.78,2716615.0
2015-10-23,2015-10-23,727.5,730,701.5,702.0,6653923.0
2015-10-22,2015-10-22,646.7,657.8,644.01,651.79,4070954.0
2015-10-21,2015-10-21,654.15,655.87,641.73,642.61,1794172.0
2015-10-20,2015-10-20,664.04,664.72,644.2,650.28,2498215.0
2015-10-19,2015-10-19,661.18,666.82,659.58,666.1,1477340.0
2015-10-16,2015-10-16,664.11,664.97,657.2,662.2,1611128.0
2015-10-15,2015-10-15,654.66,663.13,654.46,661.74,1885737.0
2015-10-14,2015-10-14,653.21,659.39,648.85,651.16,1415468.0
2015-10-13,2015-10-13,643.15,657.81,643.15,652.3,1807685.0
2015-10-12,2015-10-12,642.09,648.5,639.01,646.67,1276134.0
2015-10-09,2015-10-09,640,645.99,635.32,643.61,1648736.0
2015-10-08,2015-10-08,641.36,644.45,625.56,639.16,2182081.0
2015-10-07,2015-10-07,649.24,650.61,632.15,642.36,2092714.0
2015-10-06,2015-10-06,638.84,649.25,636.53,645.44,2236847.0
2015-10-05,2015-10-05,632,643.01,627.0,641.47,1803643.0
2015-10-02,2015-10-02,607.2,627.34,603.13,626.91,2684805.0
2015-10-01,2015-10-01,608.37,612.09,599.85,611.29,1867601.0
2015-09-30,2015-09-30,603.28,608.76,600.73,608.42,2413441.0
2015-09-29,2015-09-29,597.28,605,590.22,594.97,2310284.0
2015-09-28,2015-09-28,610.34,614.61,589.38,594.89,3127667.0
2015-09-25,2015-09-25,629.77,629.77,611.0,611.97,2174009.0
2015-09-24,2015-09-24,616.64,627.32,612.4,625.8,2240098.0
2015-09-23,2015-09-23,622.05,628.93,620.0,622.36,1470949.0
2015-09-22,2015-09-22,627,627.55,615.43,622.69,2562869.0
2015-09-21,2015-09-21,634.4,636.49,625.94,635.44,1788506.0
2015-09-18,2015-09-18,636.79,640,627.02,629.25,5133386.0
2015-09-17,2015-09-17,637.79,650.9,635.02,642.9,2274690.0
2015-09-16,2015-09-16,635.47,637.95,632.32,635.98,1286454.0
2015-09-15,2015-09-15,626.7,638.7,623.78,635.14,2084397.0
2015-09-14,2015-09-14,625.7,625.86,619.43,623.24,1702271.0
2015-09-11,2015-09-11,619.75,625.78,617.42,625.77,1373545.0
2015-09-10,2015-09-10,613.1,624.16,611.43,621.35,1905276.0
2015-09-09,2015-09-09,621.22,626.52,609.6,612.72,1702094.0
2015-09-08,2015-09-08,612.49,616.31,604.12,614.66,2279538.0
2015-09-04,2015-09-04,600,603.47,595.25,600.7,2089453.0
2015-09-03,2015-09-03,617,619.71,602.82,606.25,1759572.0
2015-09-02,2015-09-02,605.59,614.34,599.71,614.34,2575620.0
2015-09-01,2015-09-01,602.36,612.86,594.1,597.79,3702105.0
2015-08-31,2015-08-31,627.54,635.8,617.68,618.25,2176737.0
2015-08-28,2015-08-28,632.82,636.88,624.56,630.38,1978733.0
2015-08-27,2015-08-27,639.4,643.59,622.0,637.61,3491336.0
2015-08-26,2015-08-26,610.35,631.71,599.05,628.62,4235891.0
2015-08-25,2015-08-25,614.91,617.45,581.11,582.06,3537966.0
2015-08-24,2015-08-24,573,614,565.05,589.61,5770302.0
2015-08-21,2015-08-21,639.78,640.05,612.33,612.48,4265183.0
2015-08-20,2015-08-20,655.46,662.99,642.9,646.83,2855299.0
2015-08-19,2015-08-19,656.6,667,654.19,660.9,2134098.0
2015-08-18,2015-08-18,661.9,664,653.46,656.13,1456059.0
2015-08-17,2015-08-17,656.8,661.38,651.24,660.87,1051699.0
2015-08-14,2015-08-14,655.01,659.86,652.66,657.12,1072061.0
2015-08-13,2015-08-13,659.32,664.5,651.66,656.45,1810749.0
2015-08-12,2015-08-12,663.08,665,652.29,659.56,2940803.0
2015-08-11,2015-08-11,669.2,674.9,654.27,660.78,5029203.0
2015-08-10,2015-08-10,639.48,643.44,631.25,633.73,1809205.0
2015-08-07,2015-08-07,640.23,642.68,629.71,635.3,1403865.0
2015-08-06,2015-08-06,645,645.38,632.25,642.68,1572600.0
2015-08-05,2015-08-05,634.33,647.86,633.16,643.78,2334266.0
2015-08-04,2015-08-04,628.42,634.81,627.16,629.25,1490881.0
2015-08-03,2015-08-03,625.34,633.06,625.34,631.21,1304511.0
2015-07-31,2015-07-31,631.38,632.91,625.5,625.61,1706149.0
2015-07-30,2015-07-30,630,635.22,622.05,632.59,1474203.0
2015-07-29,2015-07-29,628.8,633.36,622.65,631.93,1575069.0
2015-07-28,2015-07-28,632.83,632.83,623.31,628.0,1727327.0
2015-07-27,2015-07-27,621,634.3,620.5,627.26,2675381.0
2015-07-24,2015-07-24,647,648.17,622.52,623.56,3625747.0
2015-07-23,2015-07-23,661.27,663.63,641.0,644.28,3029109.0
2015-07-22,2015-07-22,660.89,678.64,659.0,662.1,3929309.0
2015-07-21,2015-07-21,655.21,673,654.3,662.3,3377196.0
2015-07-20,2015-07-20,659.24,668.88,653.01,663.02,5860872.0
2015-07-17,2015-07-17,649,674.47,645.0,672.93,11164943.0
2015-07-16,2015-07-16,565.12,580.68,565.0,579.85,4768318.0
2015-07-15,2015-07-15,560.13,566.5,556.79,560.22,1784554.0
2015-07-14,2015-07-14,546.76,565.85,546.71,561.1,3244066.0
2015-07-13,2015-07-13,532.88,547.11,532.4,546.55,2206475.0
2015-07-10,2015-07-10,526.29,532.56,525.55,530.13,1956682.0
2015-07-09,2015-07-09,523.12,523.77,520.35,520.68,1842347.0
2015-07-08,2015-07-08,521.05,522.73,516.11,516.83,1296699.0
2015-07-07,2015-07-07,523.13,526.18,515.18,525.02,1597229.0
2015-07-06,2015-07-06,519.5,525.25,519.0,522.86,1280525.0
2015-07-02,2015-07-02,521.08,524.65,521.08,523.4,1235903.0
2015-07-01,2015-07-01,524.73,525.69,518.23,521.84,1961354.0
2015-06-30,2015-06-30,526.02,526.25,520.5,520.51,2235595.0
2015-06-29,2015-06-29,525.01,528.61,520.54,521.52,1937821.0
2015-06-26,2015-06-26,537.26,537.76,531.35,531.69,2109130.0
2015-06-25,2015-06-25,538.87,540.9,535.23,535.23,1335697.0
2015-06-24,2015-06-24,540,540,535.66,537.84,1286608.0
2015-06-23,2015-06-23,539.64,541.5,535.25,540.48,1197450.0
2015-06-22,2015-06-22,539.59,543.74,537.53,538.19,1250282.0
2015-06-19,2015-06-19,537.21,538.25,533.01,536.69,1893497.0
2015-06-18,2015-06-18,531,538.15,530.79,536.73,1833109.0
2015-06-17,2015-06-17,529.37,530.98,525.1,529.26,1294216.0
2015-06-16,2015-06-16,528.4,529.64,525.56,528.15,1071814.0
2015-06-15,2015-06-15,528,528.3,524.0,527.2,1632702.0
2015-06-12,2015-06-12,531.6,533.12,530.16,532.33,955789.0
2015-06-11,2015-06-11,538.43,538.98,533.02,534.61,1217536.0
2015-06-10,2015-06-10,529.36,538.36,529.35,536.69,1814958.0
2015-06-09,2015-06-09,527.56,529.2,523.01,526.69,1455266.0
2015-06-08,2015-06-08,533.31,534.12,526.24,526.83,1524139.0
2015-06-05,2015-06-05,536.35,537.2,532.52,533.33,1388220.0
2015-06-04,2015-06-04,537.76,540.59,534.32,536.7,1348337.0
2015-06-03,2015-06-03,539.91,543.5,537.11,540.31,1717036.0
2015-06-02,2015-06-02,532.93,543,531.33,539.18,1938989.0
2015-06-01,2015-06-01,536.79,536.79,529.76,533.99,1904332.0
2015-05-29,2015-05-29,537.37,538.63,531.45,532.11,2597407.0
2015-05-28,2015-05-28,538.01,540.61,536.25,539.78,1029849.0
2015-05-27,2015-05-27,532.8,540.55,531.71,539.79,1525019.0
2015-05-26,2015-05-26,538.12,539,529.88,532.32,2406512.0
2015-05-22,2015-05-22,540.15,544.19,539.51,540.11,1176214.0
2015-05-21,2015-05-21,537.95,543.84,535.98,542.51,1462695.0
2015-05-20,2015-05-20,538.49,542.92,532.97,539.27,1430826.0
2015-05-19,2015-05-19,533.98,540.66,533.04,537.36,1966947.0
2015-05-18,2015-05-18,532.01,534.82,528.85,532.3,2003421.0
2015-05-15,2015-05-15,539.18,539.27,530.38,533.85,1971343.0
2015-05-14,2015-05-14,533.77,539,532.41,538.4,1403935.0
2015-05-13,2015-05-13,530.56,534.32,528.66,529.62,1253063.0
2015-05-12,2015-05-12,531.6,533.21,525.26,529.04,1634174.0
2015-05-11,2015-05-11,538.37,541.98,535.4,535.7,905285.0
2015-05-08,2015-05-08,536.65,541.15,536.0,538.22,1527615.0
2015-05-07,2015-05-07,523.99,533.46,521.75,530.7,1546278.0
2015-05-06,2015-05-06,531.24,532.38,521.09,524.22,1566987.0
2015-05-05,2015-05-05,538.21,539.74,530.39,530.8,1383068.0
2015-05-04,2015-05-04,538.53,544.07,535.06,540.78,1307960.0
2015-05-01,2015-05-01,538.43,539.54,532.1,537.9,1768181.0
2015-04-30,2015-04-30,547.87,548.59,535.05,537.34,2082214.0
2015-04-29,2015-04-29,550.47,553.68,546.91,549.08,1698761.0
2015-04-28,2015-04-28,554.64,556.02,550.37,553.68,1490983.0
2015-04-27,2015-04-27,563.39,565.95,553.2,555.37,2398039.0
2015-04-24,2015-04-24,566.1,571.14,557.25,565.06,4919031.0
2015-04-23,2015-04-23,541,550.96,540.23,547.0,4173376.0
2015-04-22,2015-04-22,534.4,541.08,531.75,539.37,1589248.0
2015-04-21,2015-04-21,537.51,539.39,533.68,533.97,1839668.0
2015-04-20,2015-04-20,525.6,536.09,524.5,535.38,1675487.0
2015-04-17,2015-04-17,528.66,529.84,521.01,524.05,2145955.0
2015-04-16,2015-04-16,529.9,535.59,529.61,533.8,1296304.0
2015-04-15,2015-04-15,528.7,534.73,523.22,532.53,2312512.0
2015-04-14,2015-04-14,536.25,537.57,528.09,530.39,2597043.0
2015-04-13,2015-04-13,538.41,544.06,537.31,539.17,1640809.0
2015-04-10,2015-04-10,542.29,542.29,537.31,540.01,1405574.0
2015-04-09,2015-04-09,541.03,541.95,535.49,540.78,1553586.0
2015-04-08,2015-04-08,538.38,543.85,538.38,541.61,1175332.0
2015-04-07,2015-04-07,538.08,542.69,536.0,537.02,1299298.0
2015-04-06,2015-04-06,532.22,538.41,529.57,536.77,1320767.0
2015-04-02,2015-04-02,540.85,540.85,533.85,535.53,1711737.0
2015-04-01,2015-04-01,548.6,551.14,539.5,542.56,1957718.0
2015-03-31,2015-03-31,550,554.71,546.72,548.0,1583677.0
2015-03-30,2015-03-30,551.62,553.47,548.17,552.03,1283958.0
2015-03-27,2015-03-27,553,555.28,548.13,548.34,1892323.0
2015-03-26,2015-03-26,557.59,558.9,550.65,555.17,1568331.0
2015-03-25,2015-03-25,570.5,572.26,558.74,558.79,2146384.0
2015-03-24,2015-03-24,562.56,574.59,561.21,570.19,2576234.0
2015-03-23,2015-03-23,560.43,562.36,555.83,558.81,1639306.0
2015-03-20,2015-03-20,561.65,561.72,559.05,560.36,2609690.0
2015-03-19,2015-03-19,559.39,560.8,556.15,557.99,1194049.0
2015-03-18,2015-03-18,552.5,559.78,547.0,559.5,2128714.0
2015-03-17,2015-03-17,551.71,553.8,548.0,550.84,1800570.0
2015-03-16,2015-03-16,550.95,556.85,546.0,554.51,1636493.0
2015-03-13,2015-03-13,553.5,558.4,544.22,547.32,1698872.0
2015-03-12,2015-03-12,553.51,556.37,550.46,555.51,1385772.0
2015-03-11,2015-03-11,555.14,558.14,550.68,551.18,1815763.0
2015-03-10,2015-03-10,564.25,564.85,554.73,555.01,1787357.0
2015-03-09,2015-03-09,566.86,570.27,563.54,568.85,1059336.0
2015-03-06,2015-03-06,574.88,576.68,566.76,567.69,1654561.0
2015-03-05,2015-03-05,575.02,577.91,573.41,575.33,1385818.0
2015-03-04,2015-03-04,571.87,577.11,568.01,573.37,1871694.0
2015-03-03,2015-03-03,570.45,575.39,566.52,573.64,1700084.0
2015-03-02,2015-03-02,560.53,572.15,558.75,571.34,2123796.0
2015-02-27,2015-02-27,554.24,564.71,552.9,558.4,2403553.0
2015-02-26,2015-02-26,543.21,556.14,541.5,555.48,2305219.0
2015-02-25,2015-02-25,535.9,546.22,535.45,543.87,1821041.0
2015-02-24,2015-02-24,530,536.79,528.25,536.09,1002393.0
2015-02-23,2015-02-23,536.05,536.44,529.41,531.91,1453907.0
2015-02-20,2015-02-20,543.13,543.75,535.8,538.95,1441212.0
2015-02-19,2015-02-19,538.04,543.11,538.01,542.87,987478.0
2015-02-18,2015-02-18,541.4,545.49,537.51,539.7,1449089.0
2015-02-17,2015-02-17,546.83,550,541.09,542.84,1612439.0
2015-02-13,2015-02-13,543.35,549.91,543.13,549.01,1895126.0
2015-02-12,2015-02-12,537.25,544.82,534.67,542.93,1615824.0
2015-02-11,2015-02-11,535.3,538.45,533.38,535.97,1373970.0
2015-02-10,2015-02-10,529.3,537.7,526.92,536.94,1745076.0
2015-02-09,2015-02-09,528,532,526.02,527.83,1264276.0
2015-02-06,2015-02-06,527.64,537.2,526.41,531.0,1758650.0
2015-02-05,2015-02-05,523.79,528.5,522.09,527.58,1844687.0
2015-02-04,2015-02-04,529.24,532.67,521.27,522.76,1659125.0
2015-02-03,2015-02-03,528,533.4,523.26,529.24,2033085.0
2015-02-02,2015-02-02,531.73,533,518.55,528.48,2841976.0
2015-01-30,2015-01-30,515.86,539.87,515.52,534.52,5590977.0
2015-01-29,2015-01-29,511,511.09,501.2,510.66,4174924.0
2015-01-28,2015-01-28,522.78,522.99,510.0,510.0,1679230.0
2015-01-27,2015-01-27,529.97,530.7,518.19,518.63,1898844.0
2015-01-26,2015-01-26,538.53,539,529.67,535.21,1539524.0
2015-01-23,2015-01-23,535.59,542.17,533.0,539.95,2275485.0
2015-01-22,2015-01-22,521.48,536.33,519.7,534.39,2669558.0
2015-01-21,2015-01-21,507.25,519.28,506.2,518.04,2262455.0
2015-01-20,2015-01-20,511,512.5,506.02,506.9,2225922.0
2015-01-16,2015-01-16,500.01,508.19,500.0,508.08,2292043.0
2015-01-15,2015-01-15,505.57,505.68,497.76,501.79,2711355.0
2015-01-14,2015-01-14,494.65,503.23,493.0,500.87,2229638.0
2015-01-13,2015-01-13,498.84,502.98,492.39,496.18,2365687.0
2015-01-12,2015-01-12,494.94,495.98,487.56,492.55,2320446.0
2015-01-09,2015-01-09,504.76,504.92,494.79,496.17,2065715.0
2015-01-08,2015-01-08,497.99,503.48,491.0,502.68,3344395.0
2015-01-07,2015-01-07,507,507.24,499.65,501.1,2059366.0
2015-01-06,2015-01-06,515,516.18,501.05,501.96,2891950.0
2015-01-05,2015-01-05,523.26,524.33,513.06,513.87,2054238.0
2015-01-02,2015-01-02,529.01,531.27,524.1,524.81,1446662.0
2014-12-31,2014-12-31,531.25,532.6,525.8,526.4,1371819.0
2014-12-30,2014-12-30,528.09,531.15,527.13,530.42,873923.0
2014-12-29,2014-12-29,532.19,535.48,530.01,530.33,2276104.0
2014-12-26,2014-12-26,528.77,534.25,527.31,534.03,1037727.0
2014-12-24,2014-12-24,530.51,531.76,527.02,528.77,704035.0
2014-12-23,2014-12-23,527,534.56,526.29,530.59,2191567.0
2014-12-22,2014-12-22,516.08,526.46,516.08,524.87,2723599.0
2014-12-19,2014-12-19,511.51,517.72,506.91,516.35,3680148.0
2014-12-18,2014-12-18,512.95,513.87,504.7,511.1,2918730.0
2014-12-17,2014-12-17,497,507,496.81,504.89,2875281.0
2014-12-16,2014-12-16,511.56,513.05,489.0,495.39,3953371.0
2014-12-15,2014-12-15,522.74,523.1,513.27,513.8,2812786.0
2014-12-12,2014-12-12,523.51,528.5,518.66,518.66,1989117.0
2014-12-11,2014-12-11,527.8,533.92,527.1,528.34,1610964.0
2014-12-10,2014-12-10,533.08,536.33,525.56,526.06,1716835.0
2014-12-09,2014-12-09,522.14,534.19,520.5,533.37,1871268.0
2014-12-08,2014-12-08,527.13,531,523.79,526.98,2327127.0
2014-12-05,2014-12-05,531,532.89,524.28,525.26,2558649.0
2014-12-04,2014-12-04,531.16,537.34,528.59,537.31,1392208.0
2014-12-03,2014-12-03,531.44,536,529.26,531.32,1279288.0
2014-12-02,2014-12-02,533.51,535.5,529.8,533.75,1522481.0
2014-12-01,2014-12-01,538.9,541.41,531.86,533.8,2109599.0
2014-11-28,2014-11-28,540.62,542,536.6,541.83,1145231.0
2014-11-26,2014-11-26,540.88,541.55,537.04,540.37,1519503.0
2014-11-25,2014-11-25,539,543.98,538.6,541.08,1784967.0
2014-11-24,2014-11-24,537.65,542.7,535.62,539.27,1701682.0
2014-11-21,2014-11-21,541.61,542.14,536.56,537.5,2218249.0
2014-11-20,2014-11-20,531.25,535.11,531.08,534.83,1559131.0
2014-11-19,2014-11-19,535,538.24,530.08,536.99,1388440.0
2014-11-18,2014-11-18,537.5,541.94,534.17,535.03,1957664.0
2014-11-17,2014-11-17,543.58,543.79,534.06,536.51,1721282.0
2014-11-14,2014-11-14,546.68,546.68,542.15,544.4,1285991.0
2014-11-13,2014-11-13,549.8,549.8,543.48,545.38,1335719.0
2014-11-12,2014-11-12,550.39,550.46,545.17,547.31,1126594.0
2014-11-11,2014-11-11,548.49,551.94,546.3,550.29,964866.0
2014-11-10,2014-11-10,541.46,549.59,541.02,547.49,1131546.0
2014-11-07,2014-11-07,546.21,546.21,538.67,541.01,1629259.0
2014-11-06,2014-11-06,545.5,546.89,540.97,542.04,1329604.0
2014-11-05,2014-11-05,556.8,556.8,544.05,545.92,2026740.0
2014-11-04,2014-11-04,553,555.5,549.3,554.11,1240761.0
2014-11-03,2014-11-03,555.5,557.9,553.23,555.22,1378511.0
2014-10-31,2014-10-31,559.35,559.57,554.75,559.08,2032887.0
2014-10-30,2014-10-30,548.95,552.8,543.51,550.31,1451667.0
2014-10-29,2014-10-29,550,554.19,546.98,549.33,1767107.0
2014-10-28,2014-10-28,543,548.98,541.62,548.9,1273372.0
2014-10-27,2014-10-27,537.03,544.41,537.03,540.77,1184973.0
2014-10-24,2014-10-24,544.36,544.88,535.79,539.78,1972047.0
2014-10-23,2014-10-23,539.32,547.22,535.85,543.98,2345296.0
2014-10-22,2014-10-22,529.89,539.8,528.8,532.71,2917183.0
2014-10-21,2014-10-21,525.19,526.79,519.11,526.54,2332531.0
2014-10-20,2014-10-20,509.45,521.76,508.1,520.84,2605505.0
2014-10-17,2014-10-17,527.25,530.98,508.53,511.17,5530674.0
2014-10-16,2014-10-16,519,529.43,515.0,524.51,3698423.0
2014-10-15,2014-10-15,531.01,532.8,518.3,530.03,3712536.0
2014-10-14,2014-10-14,538.9,547.19,533.17,537.94,2217230.0
2014-10-13,2014-10-13,544.99,549.5,533.1,533.21,2578676.0
2014-10-10,2014-10-10,557.72,565.13,544.05,544.49,3078634.0
2014-10-09,2014-10-09,571.18,571.49,559.06,560.88,2519693.0
2014-10-08,2014-10-08,565.57,573.88,557.49,572.5,1987888.0
2014-10-07,2014-10-07,574.4,575.27,563.74,563.74,1906427.0
2014-10-06,2014-10-06,578.8,581,574.44,577.35,1211320.0
2014-10-03,2014-10-03,573.05,577.23,572.5,575.28,1138636.0
2014-10-02,2014-10-02,567.31,571.91,563.32,570.08,1175307.0
2014-10-01,2014-10-01,576.01,577.58,567.01,568.27,1445027.0
2014-09-30,2014-09-30,576.93,579.85,572.85,577.36,1618437.0
2014-09-29,2014-09-29,571.75,578.19,571.17,576.36,1281204.0
2014-09-26,2014-09-26,576.06,579.25,574.66,577.1,1439807.0
2014-09-25,2014-09-25,587.55,587.98,574.18,575.06,1925350.0
2014-09-24,2014-09-24,581001010.46,589.63,580.52,587.99,1724537.0
2014-09-23,2014-09-23,586.85,586.85,581.0,581.13,1467703.0
2014-09-22,2014-09-22,593.82,593.95,583.46,587.37,1687710.0
2014-09-19,2014-09-19,591.5,596.48,589.5,596.08,3727045.0
2014-09-18,2014-09-18,587,589.54,585.0,589.27,1442012.0
2014-09-17,2014-09-17,580.01,587.52,578.78,584.77,1690994.0
2014-09-16,2014-09-16,572.76,581.5,572.66,579.95,1478306.0
2014-09-15,2014-09-15,572.94,574.95,568.21,573.1,1596224.0
2014-09-12,2014-09-12,581,581.64,574.46,575.62,1597677.0
2014-09-11,2014-09-11,580.36,581.81,576.26,581.35,1217721.0
2014-09-10,2014-09-10,581.5,583.5,576.94,583.1,975145.0
2014-09-09,2014-09-09,588.9,589,580.0,581.01,1286722.0
2014-09-08,2014-09-08,586.6,591.77,586.3,589.72,1429101.0
2014-09-05,2014-09-05,583.98,586.55,581.95,586.08,1629477.0
2014-09-04,2014-09-04,580,586,579.22,581.98,1459956.0
2014-09-03,2014-09-03,580,582.99,575.0,577.94,1214586.0
2014-09-02,2014-09-02,571.85,577.83,571.19,577.33,1576830.0
2014-08-29,2014-08-29,571.33,572.04,567.07,571.6,1081231.0
2014-08-28,2014-08-28,569.56,573.25,567.1,569.2,1295963.0
2014-08-27,2014-08-27,577.27,578.49,570.1,571.0,1700161.0
2014-08-26,2014-08-26,581.26,581.8,576.58,577.86,1635465.0
2014-08-25,2014-08-25,584.72,585,579.0,580.2,1358810.0
2014-08-22,2014-08-22,583.59,585.24,580.64,582.56,789484.0
2014-08-21,2014-08-21,583.82,584.5,581.14,583.37,912854.0
2014-08-20,2014-08-20,585.88,586.7,582.57,584.49,1034779.0
2014-08-19,2014-08-19,585,587.34,584.0,586.86,979298.0
2014-08-18,2014-08-18,576.11,584.51,576.0,582.16,1282531.0
2014-08-15,2014-08-15,577.86,579.38,570.52,573.48,1517056.0
2014-08-14,2014-08-14,576.18,577.9,570.88,574.65,982926.0
2014-08-13,2014-08-13,567.31,575,565.75,574.78,1437922.0
2014-08-12,2014-08-12,564.52,565.9,560.88,562.73,1537758.0
2014-08-11,2014-08-11,569.99,570.49,566.0,567.88,1215968.0
2014-08-08,2014-08-08,563.56,570.25,560.35,568.77,1492491.0
2014-08-07,2014-08-07,568,569.89,561.1,563.36,1108900.0
2014-08-06,2014-08-06,561.78,570.7,560.0,566.37,1330877.0
2014-08-05,2014-08-05,570.05,571.98,562.61,565.07,1556685.0
2014-08-04,2014-08-04,569.04,575.35,564.1,573.15,1427169.0
2014-08-01,2014-08-01,570.4,575.96,562.85,566.07,1950171.0
2014-07-31,2014-07-31,580.6,583.65,570.0,571.6,2099516.0
2014-07-30,2014-07-30,586.55,589.5,584.0,587.42,1013932.0
2014-07-29,2014-07-29,588.75,589.7,583.52,585.61,1346647.0
2014-07-28,2014-07-28,588.07,592.5,584.75,590.6,984161.0
2014-07-25,2014-07-25,590.4,591.86,587.03,589.02,932724.0
2014-07-24,2014-07-24,596.45,599.5,591.77,593.35,1033341.0
2014-07-23,2014-07-23,593.23,597.85,592.5,595.98,1229846.0
2014-07-22,2014-07-22,590.72,599.65,590.6,594.74,1694787.0
2014-07-21,2014-07-21,591.75,594.4,585.23,589.47,2060334.0
2014-07-18,2014-07-18,593,596.8,582.0,595.08,4006389.0
2014-07-17,2014-07-17,579.53,580.99,568.61,573.73,3015475.0
2014-07-16,2014-07-16,588,588.4,582.2,582.66,1394560.0
2014-07-15,2014-07-15,585.74,585.8,576.56,584.78,1618815.0
2014-07-14,2014-07-14,582.6,585.21,578.03,584.87,1852290.0
2014-07-11,2014-07-11,571.91,580.85,571.42,579.18,1617569.0
2014-07-10,2014-07-10,565.91,576.59,565.01,571.1,1353317.0
2014-07-09,2014-07-09,571.58,576.72,569.38,576.08,1113907.0
2014-07-08,2014-07-08,577.66,579.53,566.14,571.09,1908647.0
2014-07-07,2014-07-07,583.76,586.43,579.59,582.25,1061833.0
2014-07-03,2014-07-03,583.35,585.01,580.92,584.73,712210.0
2014-07-02,2014-07-02,583.35,585.44,580.39,582.34,1054936.0
2014-07-01,2014-07-01,578.32,584.4,576.65,582.67,1446309.0
2014-06-30,2014-06-30,578.66,579.57,574.75,575.28,1310909.0
2014-06-27,2014-06-27,577.18,579.87,573.8,577.24,2231174.0
2014-06-26,2014-06-26,581,582.45,571.85,576.0,1737210.0
2014-06-25,2014-06-25,565.26,579.96,565.22,578.65,1964447.0
2014-06-24,2014-06-24,565.19,572.65,561.01,564.62,2201789.0
2014-06-23,2014-06-23,555.15,565,554.25,564.95,1534659.0
2014-06-20,2014-06-20,556.85,557.58,550.39,556.36,4496962.0
2014-06-19,2014-06-19,554.24,555,548.51,554.9,2451341.0
2014-06-18,2014-06-18,544.86,553.56,544.0,553.37,1737343.0
2014-06-17,2014-06-17,544.2,545.32,539.33,543.01,1445878.0
2014-06-16,2014-06-16,549.26,549.62,541.52,544.28,1704027.0
2014-06-13,2014-06-13,552.26,552.3,545.56,551.76,1217176.0
2014-06-12,2014-06-12,557.3,557.99,548.46,551.35,1457104.0
2014-06-11,2014-06-11,558,559.88,555.02,558.84,1097380.0
2014-06-10,2014-06-10,560.51,563.6,557.9,560.55,1349444.0
2014-06-09,2014-06-09,557.15,562.9,556.04,562.12,1463676.0
2014-06-06,2014-06-06,558.06,558.06,548.93,556.33,1732592.0
2014-06-05,2014-06-05,546.4,554.95,544.45,553.9,1684886.0
2014-06-04,2014-06-04,541.5,548.61,538.75,544.66,1812084.0
2014-06-03,2014-06-03,550.99,552.34,542.55,544.94,1861921.0
2014-06-02,2014-06-02,560.7,560.9,545.73,553.93,1434989.0
2014-05-30,2014-05-30,560.8,561.35,555.91,559.89,1766794.0
2014-05-29,2014-05-29,563.35,564,558.71,560.08,1350657.0
2014-05-28,2014-05-28,564.57,567.84,561.0,561.68,1647717.0
2014-05-27,2014-05-27,556,566,554.35,565.95,2100298.0
2014-05-23,2014-05-23,547.26,553.64,543.7,552.7,1929632.0
2014-05-22,2014-05-22,541.13,547.6,540.78,545.06,1611837.0
2014-05-21,2014-05-21,532.9,539.18,531.91,538.94,1193389.0
2014-05-20,2014-05-20,529.74,536.23,526.3,529.77,1780113.0
2014-05-19,2014-05-19,519.7,529.78,517.58,528.86,1276362.0
2014-05-16,2014-05-16,521.39,521.8,515.44,520.63,1481688.0
2014-05-15,2014-05-15,525.7,525.87,517.42,519.98,1703758.0
2014-05-14,2014-05-14,533,533,525.29,526.65,1191863.0
2014-05-13,2014-05-13,530.89,536.07,529.51,533.09,1648907.0
2014-05-12,2014-05-12,523.51,530.19,519.01,529.92,1908392.0
2014-05-09,2014-05-09,510.75,519.9,504.2,518.73,2432783.0
2014-05-08,2014-05-08,508.46,517.23,506.45,511.0,2016131.0
2014-05-07,2014-05-07,515.79,516.68,503.3,509.96,3216077.0
2014-05-06,2014-05-06,525.23,526.81,515.06,515.14,1684381.0
2014-05-05,2014-05-05,524.82,528.9,521.32,527.81,1021408.0
2014-05-02,2014-05-02,533.76,534,525.61,527.93,1685042.0
2014-05-01,2014-05-01,527.11,532.93,523.88,531.35,1900432.0
2014-04-30,2014-04-30,527.6,528,522.52,526.66,1746904.0
2014-04-29,2014-04-29,516.9,529.46,516.32,527.7,2692489.0
2014-04-28,2014-04-28,517.18,518.6,502.8,517.15,3326429.0
2014-04-25,2014-04-25,522.51,524.7,515.42,516.18,2097264.0
2014-04-24,2014-04-24,530.07,531.65,522.12,525.16,1881965.0
2014-04-23,2014-04-23,533.79,533.87,526.25,526.94,2051066.0
2014-04-22,2014-04-22,528.64,537.23,527.51,534.81,2359421.0
2014-04-21,2014-04-21,536.1,536.7,525.6,528.62,2561214.0
2014-04-17,2014-04-17,548.81,549.5,531.15,536.1,6795393.0
2014-04-16,2014-04-16,543,Gig EM,556.54,4879889.0,
2014-04-15,2014-04-15,536.82,538.45,518.46,536.44,3847453.0
2014-04-14,2014-04-14,538.25,544.1,529.56,532.52,2568020.0
2014-04-11,2014-04-11,532.55,540,526.53,530.6,3916171.0
2014-04-10,2014-04-10,565,565,539.9,540.95,4027743.0
2014-04-09,2014-04-09,559.62,565.37,552.95,564.14,3324742.0
2014-04-08,2014-04-08,542.6,555,541.61,554.9,3152406.0
2014-04-07,2014-04-07,540.74,548.48,527.15,538.15,4389569.0
2014-04-04,2014-04-04,574.65,577.77,543.0,543.14,6377658.0
2014-04-03,2014-04-03,569.85,587.28,564.13,569.74,5087530.0
2014-04-03,2014-04-03,567.00 Dividend,,,,
