"Date","Open","High","Low","Adj. Close","Volume"
10/05/18,1167.5,1173.5,1145.12,1157.35,1184452
10/04/18,1195.33,1197.51,1155.58,1168.19,2209490
10/03/18,1205,1206.41,1193.83,1202.95,1256214
10/02/18,1190.96,1209.96,1186.63,1200.11,1687914
10/01/18,1199.89,1209.9,1190.3,1195.31,1357604
09/28/18,1191.87,1195.41,1184.5,1193.47,1380629
09/27/18,1186.73,1202.1,1183.63,1194.64,1260754
09/26/18,1185.15,1194.23,1174.77,1180.49,1462253
09/25/18,1176.15,1186.88,1168,1184.65,977731
09/24/18,1157.17,1178,1146.91,1173.37,1271017
09/21/18,1192,1192.21,1166.04,1166.09,4405584
09/20/18,1179.99,1189.89,1173.36,1186.87,1225387
09/19/18,1164.98,1173.21,1154.58,1171.09,1191386
09/18/18,1157.09,1176.08,1157.09,1161.22,1203686
09/17/18,1170.14,1177.24,1154.03,1156.05,1306522
09/14/18,1179.1,1180.43,1168.33,1172.53,943978
09/13/18,1170.74,1178.61,1162.85,1175.33,1431214
09/12/18,1172.72,1178.61,1158.36,1162.82,1295472
09/11/18,1161.63,1178.68,1156.24,1177.36,1209565
09/10/18,1172.19,1174.54,1160.11,1164.64,1115796
09/07/18,1158.67,1175.26,1157.22,1164.83,1401404
09/06/18,1186.3,1186.3,1152,1171.44,1888467
09/05/18,1193.8,1199.01,1162,1186.48,2061309
09/04/18,1204.27,1212.99,1192.5,1197,1831045
08/31/18,1234.98,1238.66,1211.29,1218.19,1816426
08/30/18,1244.23,1253.64,1232.59,1239.12,1331439
08/29/18,1237.45,1250.66,1236.36,1249.3,1309312
08/28/18,1241.29,1242.55,1228.69,1231.15,1304007
08/27/18,1227.6,1243.09,1225.72,1241.82,1156255
08/24/18,1208.82,1221.65,1206.36,1220.65,946840
08/23/18,1207.14,1221.28,1204.24,1205.38,992604
08/22/18,1200,1211.84,1199,1207.33,887389
08/21/18,1208,1217.26,1200.35,1201.62,1205580
08/20/18,1205.02,1211,1194.63,1207.77,870772
08/17/18,1202.03,1209.02,1188.24,1200.96,1389645
08/16/18,1224.73,1226,1202.55,1206.49,1343161
08/15/18,1229.26,1235.24,1209.51,1214.38,1828814
08/14/18,1235.19,1245.87,1225.11,1242.1,1348194
08/13/18,1236.98,1249.27,1233.64,1235.01,997346
08/10/18,1243,1245.7,1232,1237.61,1108919
08/09/18,1249.9,1255.54,1246.01,1249.1,848601
08/08/18,1240.47,1256.5,1238.01,1245.61,1370913
08/07/18,1237,1251.17,1236.17,1242.22,1493980
08/06/18,1225,1226.09,1215.8,1224.77,1081723
08/03/18,1229.62,1230,1215.06,1223.71,1089896
08/02/18,1205.9,1229.88,1204.79,1226.15,1531299
08/01/18,1228,1233.47,1210.21,1220.01,1567264
07/31/18,1220.01,1227.59,1205.6,1217.26,1644722
07/30/18,1228.01,1234.92,1211.47,1219.74,1849904
07/27/18,1271,1273.89,1231,1238.5,2130558
07/26/18,1251,1269.77,1249.02,1268.33,2405638
07/25/18,1239.13,1265.86,1239.13,1263.7,2139999
07/24/18,1262.59,1266,1235.56,1248.08,3318204
07/23/18,1181.01,1206.49,1181,1205.5,2619234
07/20/18,1186.96,1196.86,1184.22,1184.91,1248400
07/19/18,1191,1200,1183.32,1186.96,1276667
07/18/18,1196.56,1204.5,1190.34,1195.88,1393606
07/17/18,1172.22,1203.04,1170.6,1198.8,1610353
07/16/18,1189.39,1191,1179.28,1183.86,1055662
07/13/18,1185,1195.42,1180,1188.82,1222072
07/12/18,1159.89,1184.41,1155.94,1183.48,1251884
07/11/18,1144.59,1164.29,1141,1153.9,1119993
07/10/18,1156.98,1159.59,1149.59,1152.84,798412
07/09/18,1148.48,1154.67,1143.42,1154.05,908969
07/06/18,1123.58,1140.93,1120.74,1140.17,996079
07/05/18,1110.53,1127.5,1108.48,1124.27,1066685
07/03/18,1135.82,1135.82,1100.02,1102.89,679034
07/02/18,1099,1128,1093.8,1127.46,1217311
06/29/18,1120,1128.23,1115,1115.65,1315121
06/28/18,1102.09,1122.31,1096.01,1114.22,1072438
06/27/18,1121.34,1131.84,1103.62,1103.98,1293892
06/26/18,1128,1133.21,1116.66,1118.46,1563225
06/25/18,1143.6,1143.91,1112.78,1124.81,2157310
06/22/18,1159.14,1162.5,1147.26,1155.48,1310967
06/21/18,1174.85,1177.3,1152.23,1157.66,1238118
06/20/18,1175.31,1186.29,1169.16,1169.84,1648536
06/19/18,1158.5,1171.27,1154.01,1168.06,1621018
06/18/18,1143.65,1174.31,1143.59,1173.46,1413692
06/15/18,1148.86,1153.42,1143.49,1152.26,2122476
06/14/18,1143.85,1155.47,1140.64,1152.12,1350868
06/13/18,1141.12,1146.5,1133.38,1134.79,1506407
06/12/18,1131.07,1139.79,1130.74,1139.32,912018
06/11/18,1118.6,1137.26,1118.6,1129.99,1079294
06/08/18,1118.18,1126.67,1112.15,1120.87,1290845
06/07/18,1131.32,1135.82,1116.52,1123.86,1520020
06/06/18,1142.17,1143,1125.74,1136.88,1698247
06/05/18,1140.99,1145.74,1133.19,1139.66,1677973
06/04/18,1122.33,1141.89,1122.01,1139.29,1889579
06/01/18,1099.35,1120,1098.5,1119.5,2421598
05/31/18,1067.56,1097.19,1067.56,1084.99,3088305
05/30/18,1063.03,1069.21,1056.83,1067.8,1138457
05/29/18,1064.89,1073.37,1055.22,1060.32,1865139
05/25/18,1079.02,1082.56,1073.78,1075.66,899406
05/24/18,1079,1080.47,1066.15,1079.24,766773
05/23/18,1065.13,1080.78,1061.71,1079.69,1060683
05/22/18,1083.56,1086.59,1066.69,1069.73,1090002
05/21/18,1074.06,1088,1073.65,1079.58,1023211
05/18/18,1061.86,1069.94,1060.68,1066.36,1565240
05/17/18,1079.89,1086.87,1073.5,1078.59,1043766
05/16/18,1077.31,1089.27,1076.26,1081.77,1097317
05/15/18,1090,1090.05,1073.47,1079.23,1494872
05/14/18,1100,1110.75,1099.11,1100.2,1518077
05/11/18,1093.6,1101.33,1090.91,1098.26,1253665
05/10/18,1086.03,1100.44,1085.64,1097.57,1443025
05/09/18,1058.1,1085.44,1056.37,1082.76,2032818
05/08/18,1058.54,1060.55,1047.15,1053.91,1217721
05/07/18,1049.23,1061.68,1047.1,1054.79,1466065
05/04/18,1016.9,1048.51,1016.9,1048.21,1938658
05/03/18,1019,1029.68,1006.29,1023.72,1815058
05/02/18,1028.1,1040.39,1022.87,1024.38,1603081
05/01/18,1013.66,1038.47,1008.21,1037.31,1427857
04/30/18,1030.01,1037,1016.85,1017.33,1671254
04/27/18,1046,1049.5,1025.59,1030.05,1619796
04/26/18,1029.51,1047.98,1018.19,1040.04,2079533
04/25/18,1025.52,1032.49,1015.31,1021.18,2391105
04/24/18,1052,1057,1010.59,1019.98,4760260
04/23/18,1077.86,1082.72,1060.7,1067.45,2341258
04/20/18,1082,1092.35,1069.57,1072.96,1889686
04/19/18,1069.4,1094.17,1068.18,1087.7,1747671
04/18/18,1077.43,1077.43,1066.23,1072.08,1344138
04/17/18,1051.37,1077.88,1048.26,1074.16,2320266
04/16/18,1037,1043.24,1026.74,1037.98,1211208
04/13/18,1040.88,1046.42,1022.98,1029.27,1223017
04/12/18,1025.04,1040.69,1021.43,1032.51,1359389
04/11/18,1027.99,1031.36,1015.87,1019.97,1483881
04/10/18,1026.44,1036.28,1011.34,1031.64,2029648
04/09/18,1016.8,1039.6,1014.08,1015.45,1751559
04/06/18,1020,1031.42,1003.03,1007.04,1746430
04/05/18,1041.33,1042.79,1020.13,1027.81,1363049
04/04/18,993.41,1028.72,993,1025.14,2484651
04/03/18,1013.91,1020.99,994.07,1013.41,2275076
04/02/18,1022.82,1034.8,990.37,1006.47,2680400
03/29/18,1011.63,1043,1002.9,1031.79,2726830
03/28/18,998,1024.23,980.64,1004.56,3369275
03/27/18,1063,1064.84,996.92,1005.1,3095315
03/26/18,1046,1055.63,1008.4,1053.21,2665131
03/23/18,1047.03,1063.36,1021.22,1021.57,2156672
03/22/18,1081.88,1082.9,1045.91,1049.08,2666964
03/21/18,1092.74,1106.3,1085.15,1090.88,1878873
03/20/18,1099,1105.2,1083.46,1097.71,1831896
03/19/18,1120.01,1121.99,1089.01,1099.82,2805937
03/16/18,1154.14,1155.88,1131.96,1135.73,3091954
03/15/18,1149.96,1161.08,1134.54,1149.58,1472226
03/14/18,1145.21,1158.59,1141.44,1149.49,1291415
03/13/18,1170,1176.76,1133.33,1138.17,1907171
03/12/18,1163.85,1177.05,1157.42,1164.5,2172272
03/09/18,1136,1160.8,1132.46,1160.04,2128038
03/08/18,1115.32,1127.6,1112.8,1126,1355125
03/07/18,1089.19,1112.22,1085.48,1109.64,1292537
03/06/18,1099.22,1101.85,1089.78,1095.06,1532783
03/05/18,1075.14,1097.1,1069,1090.93,1202174
03/02/18,1053.08,1082,1048.12,1078.92,2271551
03/01/18,1107.87,1110.12,1067,1069.52,2515910
02/28/18,1123.03,1127.53,1103.24,1104.73,1882600
02/27/18,1141.24,1144.04,1118,1118.29,1774080
02/26/18,1127.8,1143.96,1126.7,1143.75,1559079
02/23/18,1112.64,1127.28,1104.71,1126.79,1260968
02/22/18,1116.19,1122.82,1102.59,1106.63,1317166
02/21/18,1106.47,1133.97,1106.33,1111.34,1512910
02/20/18,1090.57,1113.95,1088.52,1102.46,1423145
02/16/18,1088.41,1104.67,1088.31,1094.8,1681612
02/15/18,1079.07,1091.48,1064.34,1089.52,1843442
02/14/18,1048.95,1071.72,1046.75,1069.7,1555787
02/13/18,1045,1058.37,1044.09,1052.1,1265054
02/12/18,1048,1061.5,1040.93,1051.94,2057718
02/09/18,1017.25,1043.97,992.56,1037.78,3505862
02/08/18,1055.41,1058.62,1000.66,1001.52,2859136
02/07/18,1081.54,1081.78,1048.26,1048.58,2369232
02/06/18,1027.18,1081.71,1023.14,1080.6,3447956
02/05/18,1090.6,1110,1052.03,1055.8,3798301
02/02/18,1122,1123.07,1107.28,1111.9,4857943
02/01/18,1162.61,1174,1157.52,1167.7,2412114
01/31/18,1170.57,1173,1159.13,1169.94,1538688
01/30/18,1167.83,1176.52,1163.52,1163.69,1556346
01/29/18,1176.48,1186.89,1171.98,1175.58,1378913
01/26/18,1175.08,1175.84,1158.11,1175.84,2018755
01/25/18,1172.53,1175.94,1162.76,1170.37,1480540
01/24/18,1177.33,1179.86,1161.05,1164.24,1416625
01/23/18,1159.85,1171.63,1158.75,1169.97,1333056
01/22/18,1137.49,1159.88,1135.11,1155.81,1617975
01/19/18,1131.83,1137.86,1128.3,1137.51,1778229
01/18/18,1131.41,1132.51,1117.5,1129.79,1198234
01/17/18,1126.22,1132.6,1117.01,1131.98,1202639
01/16/18,1132.51,1139.91,1117.83,1121.76,1575261
01/12/18,1102.41,1124.29,1101.15,1122.26,1720533
01/11/18,1106.3,1106.53,1099.59,1105.52,978292
01/10/18,1097.1,1104.6,1096.11,1102.61,1042793
01/09/18,1109.4,1110.57,1101.23,1106.26,902541
01/08/18,1102.23,1111.27,1101.62,1106.94,1047603
01/05/18,1094,1104.25,1092,1102.23,1279123
01/04/18,1088,1093.57,1084,1086.4,1004605
01/03/18,1064.31,1086.29,1063.21,1082.48,1430170
01/02/18,1048.34,1066.94,1045.23,1065,1237564
12/29/17,1046.72,1049.7,1044.9,1046.4,887511
12/28/17,1051.6,1054.75,1044.77,1048.14,837121
12/27/17,1057.39,1058.37,1048.05,1049.37,1271911
12/26/17,1058.07,1060.12,1050.2,1056.74,761237
12/22/17,1061.11,1064.2,1059.44,1060.12,755095
12/21/17,1064.95,1069.33,1061.79,1063.63,995703
12/20/17,1071.78,1073.38,1061.52,1064.95,1268582
12/19/17,1075.2,1076.84,1063.55,1070.68,1338725
12/18/17,1066.08,1078.49,1062,1077.14,1554552
12/15/17,1054.61,1067.62,1049.5,1064.19,3275931
12/14/17,1045,1058.5,1043.11,1049.15,1558835
12/13/17,1046.12,1046.67,1038.38,1040.61,1282677
12/12/17,1039.63,1050.31,1033.69,1040.48,1279659
12/11/17,1035.5,1043.8,1032.05,1041.1,1192838
12/08/17,1037.49,1042.05,1032.52,1037.05,1290774
12/07/17,1020.43,1034.24,1018.07,1030.93,1458242
12/06/17,1001.5,1024.97,1001.14,1018.38,1271964
12/05/17,995.94,1020.61,988.28,1005.15,2067318
12/04/17,1012.66,1016.1,995.57,998.68,1906439
12/01/17,1015.8,1022.49,1002.02,1010.17,1909566
11/30/17,1022.37,1028.49,1015,1021.41,1724031
11/29/17,1042.68,1044.08,1015.65,1021.66,2459426
11/28/17,1055.09,1062.38,1040,1047.41,1424394
11/27/17,1040,1055.46,1038.44,1054.21,1307881
11/24/17,1035.87,1043.18,1035,1040.61,536996
11/22/17,1035,1039.71,1031.43,1035.96,746878
11/21/17,1023.31,1035.11,1022.66,1034.49,1096999
11/20/17,1020.26,1022.61,1017.5,1018.38,953470
11/17/17,1034.01,1034.42,1017.75,1019.09,1397064
11/16/17,1022.52,1035.92,1022.52,1032.5,1129688
11/15/17,1019.21,1024.09,1015.42,1020.91,853992
11/14/17,1022.59,1026.81,1014.15,1026,959222
11/13/17,1023.42,1031.58,1022.57,1025.75,885779
11/10/17,1026.46,1030.76,1025.28,1028.07,720676
11/09/17,1033.99,1033.99,1019.67,1031.26,1245246
11/08/17,1030.52,1043.52,1028.45,1039.85,1088716
11/07/17,1027.27,1033.97,1025.13,1033.33,1112331
11/06/17,1028.99,1034.87,1025,1025.9,1125185
11/03/17,1022.11,1032.65,1020.31,1032.48,1076350
11/02/17,1021.76,1028.09,1013.01,1025.58,1048970
11/01/17,1017.21,1029.67,1016.95,1025.5,1373444
10/31/17,1015.22,1024,1010.42,1016.64,1331391
10/30/17,1014,1024.97,1007.5,1017.11,2085062
10/27/17,1009.19,1048.39,1008.2,1019.27,5167689
10/26/17,980,987.6,972.2,972.56,2042149
10/25/17,968.37,976.09,960.52,973.33,1211262
10/24/17,970,972.23,961,970.54,1212153
10/23/17,989.52,989.52,966.12,968.45,1478448
10/20/17,989.44,991,984.58,988.2,1183186
10/19/17,986,988.88,978.39,984.45,1313575
10/18/17,991.77,996.72,986.97,992.81,1057581
10/17/17,990.29,996.44,988.59,992.18,1290186
10/16/17,992.1,993.91,984,992,910543
10/13/17,992,997.21,989,989.68,1169777
10/12/17,987.45,994.12,985,987.83,1262793
10/11/17,973.72,990.71,972.25,989.25,1693274
10/10/17,980,981.57,966.08,972.6,968362
10/09/17,980,985.43,976.11,977,891355
10/06/17,966.7,979.46,963.36,978.89,1173882
10/05/17,955.49,970.91,955.18,969.96,1213816
10/04/17,957,960.39,950.69,951.68,952391
10/03/17,954,958,949.14,957.79,888346
10/02/17,959.98,962.54,947.84,953.27,1283444
09/29/17,952,959.79,951.51,959.11,1580994
09/28/17,941.36,950.69,940.55,949.5,1020312
09/27/17,927.74,949.9,927.74,944.49,2239441
09/26/17,923.72,930.82,921.14,924.86,1666861
09/25/17,925.45,926.4,909.7,920.97,1856822
09/22/17,927.75,934.73,926.48,928.53,1052704
09/21/17,933,936.53,923.83,932.45,1290607
09/20/17,922.98,933.88,922,931.58,1669763
09/19/17,917.42,922.42,912.55,921.81,936654
09/18/17,920.01,922.08,910.6,915,1306922
09/15/17,924.66,926.49,916.36,920.29,2505430
09/14/17,931.25,932.77,924,925.11,1397644
09/13/17,930.66,937.25,929.86,935.09,1102631
09/12/17,932.59,933.48,923.86,932.07,1134397
09/11/17,934.25,938.38,926.92,929.08,1266991
09/08/17,936.49,936.99,924.88,926.5,1011538
09/07/17,931.73,936.41,923.62,935.95,1212743
09/06/17,930.15,930.92,919.27,927.81,1527650
09/05/17,933.08,937,921.96,928.45,1326432
09/01/17,941.13,942.48,935.15,937.34,947374
08/31/17,931.76,941.98,931.76,939.33,1582579
08/30/17,920.05,930.82,919.65,929.57,1301225
08/29/17,905.1,923.33,905,921.29,1185564
08/28/17,916,919.25,911.87,913.81,1086484
08/25/17,923.49,925.56,915.5,915.89,1053376
08/24/17,928.66,930.84,915.5,921.28,1270306
08/23/17,921.93,929.93,919.36,927,1090248
08/22/17,912.72,925.86,911.48,924.69,1166737
08/21/17,910,913,903.4,906.66,943441
08/18/17,910.31,915.28,907.15,910.67,1342689
08/17/17,925.78,926.86,910.98,910.98,1277238
08/16/17,925.29,932.7,923.45,926.96,1006711
08/15/17,924.23,926.55,919.82,922.22,883369
08/14/17,922.53,924.67,918.19,922.67,1064530
08/11/17,907.97,917.78,905.58,914.39,1206782
08/10/17,917.55,919.26,906.13,907.24,1823967
08/09/17,920.61,925.98,917.25,922.9,1192081
08/08/17,927.09,935.81,925.61,926.79,1061579
08/07/17,929.06,931.7,926.5,929.36,1032239
08/04/17,926.75,930.31,923.03,927.96,1082267
08/03/17,930.34,932.24,922.24,923.65,1202512
08/02/17,928.61,932.6,916.68,930.39,1824448
08/01/17,932.38,937.45,929.26,930.83,1277734
07/31/17,941.89,943.59,926.04,930.5,1970095
07/28/17,929.4,943.83,927.5,941.53,1846351
07/27/17,951.78,951.78,920,934.09,3212996
07/26/17,954.68,955,942.28,947.8,2088256
07/25/17,953.81,959.7,945.4,950.7,4660979
07/24/17,972.22,986.2,970.77,980.34,3248347
07/21/17,962.25,973.23,960.15,972.92,1711000
07/20/17,975,975.9,961.51,968.15,1624463
07/19/17,967.84,973.04,964.03,970.89,1224540
07/18/17,953,968.04,950.6,965.4,1153964
07/17/17,957,960.74,949.24,953.42,1165537
07/14/17,952,956.91,948.01,955.99,1053774
07/13/17,946.29,954.45,943.01,947.16,1294687
07/12/17,938.68,946.3,934.47,943.83,1532144
07/11/17,929.54,931.43,922,930.09,1113235
07/10/17,921.77,930.38,919.59,928.8,1192825
07/07/17,908.85,921.54,908.85,918.59,1637785
07/06/17,904.12,914.94,899.7,906.69,1424503
07/05/17,901.76,914.51,898.5,911.71,1813884
07/03/17,912.18,913.94,894.79,898.7,1710373
06/30/17,926.05,926.05,908.31,908.73,2090226
06/29/17,929.92,931.26,910.62,917.79,3299176
06/28/17,929,942.75,916,940.49,2721406
06/27/17,942.46,948.29,926.85,927.33,2579930
06/26/17,969.9,973.31,950.79,952.27,1598355
06/23/17,956.83,966,954.2,965.59,1527856
06/22/17,958.7,960.72,954.55,957.09,941958
06/21/17,953.64,960.1,950.76,959.45,1202233
06/20/17,957.52,961.62,950.01,950.63,1125990
06/19/17,949.96,959.99,949.05,957.37,1533336
06/16/17,940,942.04,931.6,939.78,3094711
06/15/17,933.97,943.34,924.44,942.31,2133050
06/14/17,959.92,961.15,942.25,950.76,1489715
06/13/17,951.91,959.98,944.09,953.4,2013337
06/12/17,939.56,949.36,915.23,942.9,3763529
06/09/17,984.5,984.5,935.63,949.83,3309389
06/08/17,982.35,984.57,977.2,983.41,1481916
06/07/17,979.65,984.15,975.77,981.08,1453874
06/06/17,983.16,988.25,975.14,976.57,1814624
06/05/17,976.55,986.91,975.1,983.68,1252106
06/02/17,969.46,975.88,966,975.6,1750955
06/01/17,968.95,971.5,960.01,966.95,1410458
05/31/17,975.02,979.27,960.18,964.86,2448067
05/30/17,970.31,976.2,969.49,975.88,1466654
05/26/17,969.7,974.98,965.03,971.47,1252010
05/25/17,957.33,972.63,955.47,969.54,1660474
05/24/17,952.98,955.09,949.5,954.96,1034199
05/23/17,947.92,951.47,942.58,948.82,1270817
05/22/17,935,941.88,935,941.86,1120385
05/19/17,931.47,937.76,931,934.01,1393024
05/18/17,921,933.17,918.75,930.24,1596897
05/17/17,935.67,939.33,918.14,919.62,2362072
05/16/17,940,943.11,937.58,943,969479
05/15/17,932.95,938.25,929.34,937.08,1108496
05/12/17,931.53,933.44,927.85,932.22,1050601
05/11/17,925.32,932.53,923.03,930.6,835386
05/10/17,931.98,932,925.16,928.78,1173925
05/09/17,936.95,937.5,929.53,932.17,1581809
05/08/17,926.12,936.93,925.26,934.3,1329825
05/05/17,933.54,934.9,925.2,927.13,1911275
05/04/17,926.07,935.93,924.59,931.66,1422144
05/03/17,914.86,928.1,912.54,927.04,1499532
05/02/17,909.62,920.77,909.45,916.44,1587219
05/01/17,901.94,915.68,901.45,912.57,2115993
04/28/17,910.66,916.85,905.77,905.96,3276255
04/27/17,873.6,875.4,870.38,874.25,2026816
04/26/17,874.23,876.05,867.75,871.73,1237167
04/25/17,865,875,862.81,872.3,1671972
04/24/17,851.2,863.45,849.86,862.76,1372541
04/21/17,842.88,843.88,840.6,843.19,1323583
04/20/17,841.44,845.2,839.32,841.65,959031
04/19/17,839.79,842.22,836.29,838.21,954330
04/18/17,834.22,838.93,832.71,836.82,836722
04/17/17,825.01,837.75,824.47,837.17,895015
04/13/17,822.14,826.38,821.44,823.56,1122362
04/12/17,821.93,826.66,821.02,824.32,900480
04/11/17,824.71,827.43,817.02,823.35,1079732
04/10/17,825.39,829.35,823.77,824.73,978905
04/07/17,827.96,828.49,820.51,824.67,1057253
04/06/17,832.4,836.39,826.46,827.88,1254433
04/05/17,835.51,842.45,830.72,831.41,1555328
04/04/17,831.36,835.18,829.04,834.57,1045363
04/03/17,829.22,840.85,829.22,838.55,1671503
03/31/17,828.97,831.64,827.39,829.56,1401893
03/30/17,833.5,833.68,829,831.5,1055339
03/29/17,825,832.77,822.38,831.41,1786321
03/28/17,820.41,825.99,814.03,820.92,1620542
03/27/17,806.95,821.63,803.37,819.51,1894990
03/24/17,820.08,821.93,808.89,814.43,1981006
03/23/17,821,822.57,812.26,817.58,3487056
03/22/17,831.91,835.55,827.18,829.59,1401465
03/21/17,851.4,853.5,829.02,830.46,2463484
03/20/17,850.01,850.22,845.15,848.4,1231521
03/17/17,851.61,853.4,847.11,852.12,1716471
03/16/17,849.03,850.85,846.13,848.78,977560
03/15/17,847.59,848.63,840.77,847.2,1381474
03/14/17,843.64,847.24,840.8,845.62,780198
03/13/17,844,848.69,843.25,845.54,1223647
03/10/17,843.28,844.91,839.5,843.25,1704024
03/09/17,836,842,834.21,838.68,1261517
03/08/17,833.51,838.15,831.79,835.37,989773
03/07/17,827.4,833.41,826.52,831.91,1037630
03/06/17,826.95,828.88,822.4,827.78,1109037
03/03/17,830.56,831.36,825.75,829.08,896378
03/02/17,833.85,834.51,829.64,830.63,942476
03/01/17,828.85,836.26,827.26,835.24,1496540
02/28/17,825.61,828.54,820.2,823.21,2260769
02/27/17,824.55,830.5,824,829.28,1101466
02/24/17,827.73,829,824.2,828.64,1392202
02/23/17,830.12,832.46,822.88,831.33,1472771
02/22/17,828.66,833.25,828.64,830.76,987248
02/21/17,828.66,833.45,828.35,831.66,1262337
02/17/17,823.02,828.07,821.66,828.07,1611039
02/16/17,819.93,824.4,818.98,824.16,1287626
02/15/17,819.36,823,818.47,818.98,1313617
02/14/17,819,823,816,820.45,1054732
02/13/17,816,820.96,815.49,819.24,1213324
02/10/17,811.7,815.25,809.78,813.67,1134976
02/09/17,809.51,810.66,804.54,809.56,990391
02/08/17,807,811.84,803.19,808.38,1155990
02/07/17,803.99,810.5,801.78,806.97,1241221
02/06/17,799.7,801.67,795.25,801.34,1184483
02/03/17,802.99,806,800.37,801.49,1463448
02/02/17,793.8,802.7,792,798.53,1532138
02/01/17,799.68,801.19,791.19,795.7,2029744
01/31/17,796.86,801.25,790.52,796.79,2160556
01/30/17,814.66,815.84,799.8,802.32,3246573
01/27/17,834.71,841.95,820.44,823.31,2965771
01/26/17,837.81,838,827.01,832.15,2973891
01/25/17,829.62,835.77,825.06,835.67,1627304
01/24/17,822.3,825.9,817.82,823.87,1474010
01/23/17,807.25,820.87,803.74,819.31,1963628
01/20/17,806.91,806.91,801.69,805.02,1670045
01/19/17,805.12,809.48,801.8,802.18,919325
01/18/17,805.81,806.21,800.99,806.07,1294407
01/17/17,807.08,807.14,800.37,804.61,1362115
01/13/17,807.48,811.22,806.69,807.88,1099215
01/12/17,807.14,807.39,799.17,806.36,1353057
01/11/17,805,808.15,801.37,807.91,1065936
01/10/17,807.86,809.13,803.51,804.79,1176780
01/09/17,806.4,809.97,802.83,806.65,1274645
01/06/17,795.26,807.9,792.2,806.15,1640170
01/05/17,786.08,794.48,785.02,794.02,1335167
01/04/17,788.36,791.34,783.16,786.9,1072958
01/03/17,778.81,789.63,775.8,786.14,1657268
12/30/16,782.75,782.78,770.41,771.82,1769950
12/29/16,783.33,785.93,778.92,782.79,744272
12/28/16,793.7,794.23,783.2,785.05,1153824
12/27/16,790.68,797.86,787.66,791.55,789321
12/23/16,790.9,792.74,787.28,789.91,623944
12/22/16,792.36,793.32,788.58,791.26,972169
12/21/16,795.84,796.68,787.1,794.56,1211346
12/20/16,796.76,798.65,793.27,796.42,951014
12/19/16,790.22,797.66,786.27,794.2,1232087
12/16/16,800.4,800.86,790.29,790.8,2443796
12/15/16,797.34,803,792.92,797.85,1626499
12/14/16,797.4,804,794.01,797.07,1704150
12/13/16,793.9,804.38,793.34,796.1,2145209
12/12/16,785.04,791.25,784.36,789.27,2104117
12/09/16,780,789.43,779.02,789.29,1821914
12/08/16,772.48,778.18,767.23,776.42,1488059
12/07/16,761,771.36,755.8,771.19,1760966
12/06/16,764.73,768.83,757.34,759.11,1690689
12/05/16,757.71,763.9,752.9,762.52,1394223
12/02/16,744.59,754,743.1,750.5,1452484
12/01/16,757.44,759.85,737.02,747.92,3017947
11/30/16,770.07,772.99,754.83,758.04,2392890
11/29/16,771.53,778.5,768.24,770.84,1616618
11/28/16,760,779.53,759.8,768.24,2188151
11/25/16,764.26,765,760.52,761.68,587421
11/23/16,767.73,768.28,755.25,760.99,1478417
11/22/16,772.63,776.96,767,768.27,1593108
11/21/16,762.61,769.7,760.6,769.2,1330639
11/18/16,771.37,775,760,760.54,1547145
11/17/16,766.92,772.7,764.23,771.23,1304048
11/16/16,755.2,766.36,750.51,764.48,1472594
11/15/16,746.97,764.42,746.97,758.49,2384001
11/14/16,755.6,757.85,727.54,736.08,3654385
11/11/16,756.54,760.78,750.38,754.02,2431815
11/10/16,791.17,791.17,752.18,762.56,4745183
11/09/16,779.94,791.23,771.67,785.31,2607121
11/08/16,783.4,795.63,780.19,790.51,1366873
11/07/16,774.5,785.19,772.55,782.52,1585070
11/04/16,750.66,770.36,750.56,762.02,2134812
11/03/16,767.25,769.95,759.03,762.13,1943175
11/02/16,778.2,781.65,763.45,768.7,1918414
11/01/16,782.89,789.49,775.54,783.61,2406356
10/31/16,795.47,796.86,784,784.54,2427284
10/28/16,808.35,815.49,793.59,795.37,4269902
10/27/16,801,803.49,791.5,795.35,2749221
10/26/16,806.34,806.98,796.32,799.07,1647733
10/25/16,816.68,816.68,805.14,807.67,1576404
10/24/16,804.9,815.18,804.82,813.11,1697514
10/21/16,795,799.5,794,799.37,1266181
10/20/16,803.3,803.97,796.03,796.97,1757528
10/19/16,798.86,804.63,797.64,801.56,1766798
10/18/16,787.85,801.61,785.57,795.26,2056903
10/17/16,779.8,785.85,777.5,779.96,1092973
10/14/16,781.65,783.95,776,778.53,852487
10/13/16,781.22,781.22,773,778.19,1365277
10/12/16,783.76,788.13,782.06,786.14,937435
10/11/16,786.66,792.28,780.58,783.07,1372461
10/10/16,777.71,789.38,775.87,785.94,1174923
10/07/16,779.66,779.66,770.75,775.08,933158
10/06/16,779,780.48,775.54,776.86,1070692
10/05/16,779.31,782.07,775.65,776.47,1461151
10/04/16,776.03,778.71,772.89,776.43,1201350
10/03/16,774.25,776.07,769.5,772.56,1278821
09/30/16,776.33,780.94,774.09,777.29,1585333
09/29/16,781.44,785.8,774.23,775.01,1314746
09/28/16,777.85,781.81,774.97,781.56,1109834
09/27/16,775.5,785.99,774.31,783.01,1153247
09/26/16,782.74,782.74,773.07,774.21,1533206
09/23/16,786.59,788.93,784.15,786.9,1411937
09/22/16,780,789.85,778.44,787.21,1486223
09/21/16,772.66,777.16,768.3,776.22,1167810
09/20/16,769,773.33,768.53,771.41,978631
09/19/16,772.42,774,764.44,765.7,1172824
09/16/16,769.75,769.75,764.66,768.88,2049338
09/15/16,762.89,773.8,759.96,771.76,1346751
09/14/16,759.61,767.68,759.11,762.49,1094490
09/13/16,764.48,766.22,755.8,759.69,1395046
09/12/16,755.13,770.29,754,769.02,1310986
09/09/16,770.1,773.25,759.66,759.66,1885496
09/08/16,778.59,780.35,773.58,775.32,1270264
09/07/16,780,782.73,776.2,780.35,894021
09/06/16,773.45,782,771,780.08,1442822
09/02/16,773.01,773.92,768.41,771.46,1072658
09/01/16,769.25,771.02,764.3,768.78,925131
08/31/16,767.01,769.09,765.38,767.05,1248556
08/30/16,769.33,774.47,766.84,769.09,1130029
08/29/16,768.74,774.99,766.62,772.15,847565
08/26/16,769,776.08,765.85,769.54,1166681
08/25/16,767,771.89,763.18,769.41,926883
08/24/16,770.58,774.5,767.07,769.64,1071999
08/23/16,775.48,776.44,771.79,772.08,928232
08/22/16,773.27,774.54,770.05,772.15,951362
08/19/16,775,777.1,773.13,775.42,861546
08/18/16,780.01,782.86,777,777.5,719429
08/17/16,777.32,780.81,773.53,779.91,924226
08/16/16,780.3,780.98,773.44,777.14,1028047
08/15/16,783.75,787.49,780.11,782.44,938186
08/12/16,781.5,783.4,780.4,783.22,740498
08/11/16,785,789.75,782.97,784.85,975113
08/10/16,783.75,786.81,782.78,784.68,786363
08/09/16,781.1,788.94,780.57,784.26,1318894
08/08/16,782,782.63,778.09,781.76,1107857
08/05/16,773.78,783.04,772.34,782.22,1801205
08/04/16,772.22,774.07,768.8,771.61,1140254
08/03/16,767.18,773.21,766.82,773.18,1287421
08/02/16,768.69,775.84,767.85,771.07,1784525
08/01/16,761.09,780.43,761.09,772.88,2700470
07/29/16,772.71,778.55,766.77,768.79,3841482
07/28/16,747.04,748.65,739.3,745.91,3530169
07/27/16,738.28,744.46,737,741.77,1512517
07/26/16,739.04,741.69,734.27,738.42,1186738
07/25/16,740.67,742.61,737.5,739.77,1032432
07/22/16,741.86,743.24,736.56,742.74,1259823
07/21/16,740.36,741.69,735.83,738.63,1026306
07/20/16,737.33,742.13,737.1,741.19,1289671
07/19/16,729.89,736.99,729,736.96,1227486
07/18/16,722.71,736.13,721.19,733.78,1295476
07/15/16,725.73,725.74,719.06,719.85,1279339
07/14/16,721.58,722.21,718.03,720.95,950193
07/13/16,723.62,724,716.85,716.98,935876
07/12/16,719.12,722.94,715.91,720.64,1336921
07/11/16,708.05,716.51,707.24,715.09,1111762
07/08/16,699.5,705.71,696.44,705.63,1575166
07/07/16,698.08,698.2,688.22,695.36,1304200
07/06/16,689.98,701.68,689.09,697.77,1411925
07/05/16,696.06,696.94,688.88,694.49,1462616
07/01/16,692.2,700.65,692.13,699.21,1344710
06/30/16,685.47,692.32,683.65,692.1,1597714
06/29/16,683,687.43,681.41,684.11,1932561
06/28/16,678.97,680.33,673,680.04,2173762
06/27/16,671,672.3,663.28,668.26,2641085
06/24/16,675.17,689.4,673.45,675.22,4449022
06/23/16,697.45,701.95,687,701.87,2171415
06/22/16,699.06,700.86,693.08,697.46,1184318
06/21/16,698.4,702.77,692.01,695.94,1465634
06/20/16,698.77,702.48,693.41,693.71,2082538
06/17/16,708.65,708.82,688.45,691.72,3402357
06/16/16,714.91,716.65,703.26,710.36,1982471
06/15/16,719,722.98,717.31,718.92,1214517
06/14/16,716.48,722.47,713.12,718.27,1306065
06/13/16,716.51,725.44,716.51,718.36,1258930
06/10/16,719.47,725.89,716.43,719.41,1216443
06/09/16,722.87,729.54,722.34,728.58,988914
06/08/16,723.96,728.57,720.58,728.28,1583701
06/07/16,719.84,721.98,716.55,716.65,1336754
06/06/16,724.91,724.91,714.61,716.55,1566059
06/03/16,729.27,729.49,720.56,722.34,1226253
06/02/16,732.5,733.02,724.17,730.4,1341807
06/01/16,734.53,737.21,730.66,734.15,1253593
05/31/16,731.74,739.73,731.26,735.72,2129545
05/27/16,724.01,733.94,724,732.66,1974962
05/26/16,722.87,728.33,720.28,724.12,1576286
05/25/16,720.76,727.51,719.7,725.27,1632564
05/24/16,706.86,720.97,706.86,720.09,1929467
05/23/16,706.53,711.48,704.18,704.24,1330692
05/20/16,701.62,714.58,700.52,709.74,1828387
05/19/16,702.36,706,696.8,700.32,1670234
05/18/16,703.67,711.6,700.63,706.63,1766836
05/17/16,715.99,721.52,704.11,706.23,2001225
05/16/16,709.13,718.48,705.65,716.49,1317069
05/13/16,711.93,716.66,709.26,710.83,1314499
05/12/16,717.06,719.25,709,713.31,1361332
05/11/16,723.41,724.48,712.8,715.29,1692063
05/10/16,716.75,723.5,715.72,723.18,1569591
05/09/16,712,718.71,710,712.9,1510289
05/06/16,698.38,711.86,698.11,711.12,1829291
05/05/16,697.7,702.32,695.72,701.43,1683507
05/04/16,690.49,699.75,689.01,695.7,1693525
05/03/16,696.87,697.84,692,692.36,1543785
05/02/16,697.63,700.64,691,698.21,1645265
04/29/16,690.7,697.62,689,693.01,2487673
04/28/16,708.26,714.17,689.55,691.02,2867255
04/27/16,707.29,708.98,692.37,705.84,3098587
04/26/16,725.42,725.77,703.03,708.14,2744587
04/25/16,716.1,723.93,715.59,723.15,1959179
04/22/16,726.3,736.12,713.61,718.77,5951938
04/21/16,755.38,760.45,749.55,759.14,3060490
04/20/16,758,758.13,750.01,752.67,1529217
04/19/16,769.51,769.9,749.33,753.93,2030526
04/18/16,760.46,768.05,757.3,766.61,1558848
04/15/16,753.98,761,752.69,759,1809332
04/14/16,754.01,757.31,752.71,753.2,1135271
04/13/16,749.16,754.38,744.26,751.72,1707641
04/12/16,738,743.83,731.01,743.09,1352992
04/11/16,743.02,745,736.05,736.1,1220088
04/08/16,743.97,745.45,735.55,739.15,1290787
04/07/16,745.37,747,736.28,740.28,1453185
04/06/16,735.77,746.24,735.56,745.69,1053713
04/05/16,738,742.8,735.37,737.8,1132294
04/04/16,750.06,752.8,742.43,745.29,1134390
04/01/16,738.6,750.34,737,749.91,1576745
03/31/16,749.25,750.85,740.94,744.95,1718798
03/30/16,750.1,757.88,748.74,750.53,1782427
03/29/16,734.59,747.25,728.76,744.77,1903758
03/28/16,736.79,738.99,732.5,733.53,1301327
03/24/16,732.01,737.75,731,735.3,1594891
03/23/16,742.36,745.72,736.15,738.06,1432099
03/22/16,737.46,745,737.46,740.75,1269749
03/21/16,736.5,742.5,733.52,742.09,1836503
03/18/16,741.86,742,731.83,737.6,2980709
03/17/16,736.45,743.07,736,737.78,1860834
03/16/16,726.37,737.47,724.51,736.09,1624370
03/15/16,726.92,732.29,724.77,728.33,1720965
03/14/16,726.81,735.5,725.15,730.49,1718252
03/11/16,720,726.92,717.13,726.82,1970815
03/10/16,708.12,716.44,703.36,712.82,2833525
03/09/16,698.47,705.68,694,705.24,1421515
03/08/16,688.59,703.79,685.34,693.97,2076331
03/07/16,706.9,708.09,686.9,695.16,2988026
03/04/16,714.99,716.49,706.02,710.89,1972077
03/03/16,718.68,719.45,706.02,712.42,1957974
03/02/16,719,720,712,718.85,1629003
03/01/16,703.62,718.81,699.77,718.81,2151419
02/29/16,700.32,710.89,697.68,697.77,2481145
02/26/16,708.58,713.43,700.86,705.07,2243522
02/25/16,700.01,705.98,690.59,705.75,1642166
02/24/16,688.92,700,680.78,699.56,1963573
02/23/16,701.45,708.4,693.58,695.85,2009280
02/22/16,707.45,713.24,702.51,706.46,1949816
02/19/16,695.03,703.08,694.05,700.91,1589281
02/18/16,710,712.35,696.03,697.35,1883248
02/17/16,699,709.75,691.38,708.4,2492634
02/16/16,692.98,698,685.05,691,2520021
02/12/16,690.26,693.75,678.6,682.4,2141373
02/11/16,675,689.35,668.87,683.11,3024043
02/10/16,686.86,701.31,682.13,684.12,2638007
02/09/16,672.32,699.9,668.77,678.11,3608914
02/08/16,667.85,684.03,663.06,682.74,4247355
02/05/16,703.87,703.99,680.15,683.57,5105725
02/04/16,722.81,727,701.86,708.01,5168709
02/03/16,770.22,774.5,720.5,726.95,6171019
02/02/16,784.5,789.87,764.65,764.65,6348126
02/01/16,750.46,757.86,743.27,752,5139157
01/29/16,731.53,744.99,726.8,742.95,3474319
01/28/16,722.22,733.69,712.35,730.96,2676397
01/27/16,713.67,718.24,694.39,699.99,2194227
01/26/16,713.85,718.28,706.48,713.04,1331691
01/25/16,723.58,729.68,710.01,711.67,1711716
01/22/16,723.6,728.13,720.12,725.25,2011797
01/21/16,702.18,719.19,694.46,706.59,2412211
01/20/16,688.61,706.85,673.26,698.45,3444962
01/19/16,703.3,709.98,693.41,701.79,2268078
01/15/16,692.29,706.74,685.37,694.45,3608109
01/14/16,705.38,721.93,689.1,714.72,2225768
01/13/16,730.85,734.74,698.61,700.56,2501730
01/12/16,721.68,728.75,717.32,726.07,2024509
01/11/16,716.61,718.86,703.54,716.03,2090621
01/08/16,731.45,733.23,713,714.47,2450857
01/07/16,730.31,738.5,719.06,726.39,2963741
01/06/16,730,747.18,728.92,743.62,1947034
01/05/16,746.45,752,738.64,742.58,1950691
01/04/16,743,744.06,731.26,741.84,3272776
12/31/15,769.5,769.5,758.34,758.88,1500923
12/30/15,776.6,777.6,766.9,771,1293521
12/29/15,766.69,779.98,766.43,776.6,1765012
12/28/15,752.92,762.99,749.52,762.51,1515716
12/24/15,749.55,751.35,746.62,748.4,527223
12/23/15,753.47,754.21,744,750.31,1566726
12/22/15,751.65,754.85,745.53,750,1365520
12/21/15,746.13,750,740,747.77,1525703
12/18/15,746.51,754.13,738.15,739.31,3148743
12/17/15,762.42,762.68,749,749.43,1553418
12/16/15,750,760.59,739.44,758.09,1993251
12/15/15,753,758.08,743.01,743.4,2666229
12/14/15,741.79,748.73,724.17,747.77,2421236
12/11/15,741.16,745.71,736.75,738.87,2224410
12/10/15,752.85,755.85,743.83,749.46,1988380
12/09/15,759.17,764.23,737,751.61,2699990
12/08/15,757.89,764.8,754.2,762.37,1829475
12/07/15,767.77,768.73,755.09,763.25,1812314
12/04/15,753.1,768.49,750,766.81,2757283
12/03/15,766.01,769,745.63,752.54,2590641
12/02/15,768.9,775.96,758.96,762.38,2230373
12/01/15,747.11,768.95,746.7,767.04,2134621
11/30/15,748.81,754.93,741.27,742.6,2097624
11/27/15,748.46,753.41,747.49,750.26,838528
11/25/15,748.14,752,746.06,748.15,1122224
11/24/15,752,755.28,737.63,748.28,2334197
11/23/15,757.45,762.71,751.82,755.98,1415385
11/20/15,746.53,757.92,743,756.6,2213284
11/19/15,738.74,742,737.43,738.41,1327879
11/18/15,727.58,741.41,727,740,1684259
11/17/15,729.29,731.85,723.03,725.3,1510903
11/16/15,715.6,729.49,711.33,728.96,1905893
11/13/15,729.17,731.15,716.73,717,2075504
11/12/15,731,737.8,728.65,731.23,1837154
11/11/15,732.46,741,730.23,735.4,1366995
11/10/15,724.4,730.59,718.5,728.32,1607994
11/09/15,730.2,734.71,719.43,724.89,2069807
11/06/15,731.5,735.41,727.01,733.76,1511599
11/05/15,729.47,739.48,729.47,731.25,1861550
11/04/15,722,733.1,721.9,728.11,1706700
11/03/15,718.86,724.65,714.72,722.16,1565379
11/02/15,711.06,721.62,705.85,721.11,1886250
10/30/15,715.73,718,710.05,710.81,1908774
10/29/15,710.5,718.26,710.01,716.92,1455965
10/28/15,707.33,712.98,703.08,712.95,2178917
10/27/15,707.38,713.62,704.55,708.49,2245796
10/26/15,701.55,719.15,701.26,712.78,2716615
10/23/15,727.5,730,701.5,702,6653923
10/22/15,646.7,657.8,644.01,651.79,4070954
10/21/15,654.15,655.87,641.73,642.61,1794172
10/20/15,664.04,664.72,644.2,650.28,2498215
10/19/15,661.18,666.82,659.58,666.1,1477340
10/16/15,664.11,664.97,657.2,662.2,1611128
10/15/15,654.66,663.13,654.46,661.74,1885737
10/14/15,653.21,659.39,648.85,651.16,1415468
10/13/15,643.15,657.81,643.15,652.3,1807685
10/12/15,642.09,648.5,639.01,646.67,1276134
10/09/15,640,645.99,635.32,643.61,1648736
10/08/15,641.36,644.45,625.56,639.16,2182081
10/07/15,649.24,650.61,632.15,642.36,2092714
10/06/15,638.84,649.25,636.53,645.44,2236847
10/05/15,632,643.01,627,641.47,1803643
10/02/15,607.2,627.34,603.13,626.91,2684805
10/01/15,608.37,612.09,599.85,611.29,1867601
09/30/15,603.28,608.76,600.73,608.42,2413441
09/29/15,597.28,605,590.22,594.97,2310284
09/28/15,610.34,614.61,589.38,594.89,3127667
09/25/15,629.77,629.77,611,611.97,2174009
09/24/15,616.64,627.32,612.4,625.8,2240098
09/23/15,622.05,628.93,620,622.36,1470949
09/22/15,627,627.55,615.43,622.69,2562869
09/21/15,634.4,636.49,625.94,635.44,1788506
09/18/15,636.79,640,627.02,629.25,5133386
09/17/15,637.79,650.9,635.02,642.9,2274690
09/16/15,635.47,637.95,632.32,635.98,1286454
09/15/15,626.7,638.7,623.78,635.14,2084397
09/14/15,625.7,625.86,619.43,623.24,1702271
09/11/15,619.75,625.78,617.42,625.77,1373545
09/10/15,613.1,624.16,611.43,621.35,1905276
09/09/15,621.22,626.52,609.6,612.72,1702094
09/08/15,612.49,616.31,604.12,614.66,2279538
09/04/15,600,603.47,595.25,600.7,2089453
09/03/15,617,619.71,602.82,606.25,1759572
09/02/15,605.59,614.34,599.71,614.34,2575620
09/01/15,602.36,612.86,594.1,597.79,3702105
08/31/15,627.54,635.8,617.68,618.25,2176737
08/28/15,632.82,636.88,624.56,630.38,1978733
08/27/15,639.4,643.59,622,637.61,3491336
08/26/15,610.35,631.71,599.05,628.62,4235891
08/25/15,614.91,617.45,581.11,582.06,3537966
08/24/15,573,614,565.05,589.61,5770302
08/21/15,639.78,640.05,612.33,612.48,4265183
08/20/15,655.46,662.99,642.9,646.83,2855299
08/19/15,656.6,667,654.19,660.9,2134098
08/18/15,661.9,664,653.46,656.13,1456059
08/17/15,656.8,661.38,651.24,660.87,1051699
08/14/15,655.01,659.86,652.66,657.12,1072061
08/13/15,659.32,664.5,651.66,656.45,1810749
08/12/15,663.08,665,652.29,659.56,2940803
08/11/15,669.2,674.9,654.27,660.78,5029203
08/10/15,639.48,643.44,631.25,633.73,1809205
08/07/15,640.23,642.68,629.71,635.3,1403865
08/06/15,645,645.38,632.25,642.68,1572600
08/05/15,634.33,647.86,633.16,643.78,2334266
08/04/15,628.42,634.81,627.16,629.25,1490881
08/03/15,625.34,633.06,625.34,631.21,1304511
07/31/15,631.38,632.91,625.5,625.61,1706149
07/30/15,630,635.22,622.05,632.59,1474203
07/29/15,628.8,633.36,622.65,631.93,1575069
07/28/15,632.83,632.83,623.31,628,1727327
07/27/15,621,634.3,620.5,627.26,2675381
07/24/15,647,648.17,622.52,623.56,3625747
07/23/15,661.27,663.63,641,644.28,3029109
07/22/15,660.89,678.64,659,662.1,3929309
07/21/15,655.21,673,654.3,662.3,3377196
07/20/15,659.24,668.88,653.01,663.02,5860872
07/17/15,649,674.47,645,672.93,11164943
07/16/15,565.12,580.68,565,579.85,4768318
07/15/15,560.13,566.5,556.79,560.22,1784554
07/14/15,546.76,565.85,546.71,561.1,3244066
07/13/15,532.88,547.11,532.4,546.55,2206475
07/10/15,526.29,532.56,525.55,530.13,1956682
07/09/15,523.12,523.77,520.35,520.68,1842347
07/08/15,521.05,522.73,516.11,516.83,1296699
07/07/15,523.13,526.18,515.18,525.02,1597229
07/06/15,519.5,525.25,519,522.86,1280525
07/02/15,521.08,524.65,521.08,523.4,1235903
07/01/15,524.73,525.69,518.23,521.84,1961354
06/30/15,526.02,526.25,520.5,520.51,2235595
06/29/15,525.01,528.61,520.54,521.52,1937821
06/26/15,537.26,537.76,531.35,531.69,2109130
06/25/15,538.87,540.9,535.23,535.23,1335697
06/24/15,540,540,535.66,537.84,1286608
06/23/15,539.64,541.5,535.25,540.48,1197450
06/22/15,539.59,543.74,537.53,538.19,1250282
06/19/15,537.21,538.25,533.01,536.69,1893497
06/18/15,531,538.15,530.79,536.73,1833109
06/17/15,529.37,530.98,525.1,529.26,1294216
06/16/15,528.4,529.64,525.56,528.15,1071814
06/15/15,528,528.3,524,527.2,1632702
06/12/15,531.6,533.12,530.16,532.33,955789
06/11/15,538.43,538.98,533.02,534.61,1217536
06/10/15,529.36,538.36,529.35,536.69,1814958
06/09/15,527.56,529.2,523.01,526.69,1455266
06/08/15,533.31,534.12,526.24,526.83,1524139
06/05/15,536.35,537.2,532.52,533.33,1388220
06/04/15,537.76,540.59,534.32,536.7,1348337
06/03/15,539.91,543.5,537.11,540.31,1717036
06/02/15,532.93,543,531.33,539.18,1938989
06/01/15,536.79,536.79,529.76,533.99,1904332
05/29/15,537.37,538.63,531.45,532.11,2597407
05/28/15,538.01,540.61,536.25,539.78,1029849
05/27/15,532.8,540.55,531.71,539.79,1525019
05/26/15,538.12,539,529.88,532.32,2406512
05/22/15,540.15,544.19,539.51,540.11,1176214
05/21/15,537.95,543.84,535.98,542.51,1462695
05/20/15,538.49,542.92,532.97,539.27,1430826
05/19/15,533.98,540.66,533.04,537.36,1966947
05/18/15,532.01,534.82,528.85,532.3,2003421
05/15/15,539.18,539.27,530.38,533.85,1971343
05/14/15,533.77,539,532.41,538.4,1403935
05/13/15,530.56,534.32,528.66,529.62,1253063
05/12/15,531.6,533.21,525.26,529.04,1634174
05/11/15,538.37,541.98,535.4,535.7,905285
05/08/15,536.65,541.15,536,538.22,1527615
05/07/15,523.99,533.46,521.75,530.7,1546278
05/06/15,531.24,532.38,521.09,524.22,1566987
05/05/15,538.21,539.74,530.39,530.8,1383068
05/04/15,538.53,544.07,535.06,540.78,1307960
05/01/15,538.43,539.54,532.1,537.9,1768181
04/30/15,547.87,548.59,535.05,537.34,2082214
04/29/15,550.47,553.68,546.91,549.08,1698761
04/28/15,554.64,556.02,550.37,553.68,1490983
04/27/15,563.39,565.95,553.2,555.37,2398039
04/24/15,566.1,571.14,557.25,565.06,4919031
04/23/15,541,550.96,540.23,547,4173376
04/22/15,534.4,541.08,531.75,539.37,1589248
04/21/15,537.51,539.39,533.68,533.97,1839668
04/20/15,525.6,536.09,524.5,535.38,1675487
04/17/15,528.66,529.84,521.01,524.05,2145955
04/16/15,529.9,535.59,529.61,533.8,1296304
04/15/15,528.7,534.73,523.22,532.53,2312512
04/14/15,536.25,537.57,528.09,530.39,2597043
04/13/15,538.41,544.06,537.31,539.17,1640809
04/10/15,542.29,542.29,537.31,540.01,1405574
04/09/15,541.03,541.95,535.49,540.78,1553586
04/08/15,538.38,543.85,538.38,541.61,1175332
04/07/15,538.08,542.69,536,537.02,1299298
04/06/15,532.22,538.41,529.57,536.77,1320767
04/02/15,540.85,540.85,533.85,535.53,1711737
04/01/15,548.6,551.14,539.5,542.56,1957718
03/31/15,550,554.71,546.72,548,1583677
03/30/15,551.62,553.47,548.17,552.03,1283958
03/27/15,553,555.28,548.13,548.34,1892323
03/26/15,557.59,558.9,550.65,555.17,1568331
03/25/15,570.5,572.26,558.74,558.79,2146384
03/24/15,562.56,574.59,561.21,570.19,2576234
03/23/15,560.43,562.36,555.83,558.81,1639306
03/20/15,561.65,561.72,559.05,560.36,2609690
03/19/15,559.39,560.8,556.15,557.99,1194049
03/18/15,552.5,559.78,547,559.5,2128714
03/17/15,551.71,553.8,548,550.84,1800570
03/16/15,550.95,556.85,546,554.51,1636493
03/13/15,553.5,558.4,544.22,547.32,1698872
03/12/15,553.51,556.37,550.46,555.51,1385772
03/11/15,555.14,558.14,550.68,551.18,1815763
03/10/15,564.25,564.85,554.73,555.01,1787357
03/09/15,566.86,570.27,563.54,568.85,1059336
03/06/15,574.88,576.68,566.76,567.69,1654561
03/05/15,575.02,577.91,573.41,575.33,1385818
03/04/15,571.87,577.11,568.01,573.37,1871694
03/03/15,570.45,575.39,566.52,573.64,1700084
03/02/15,560.53,572.15,558.75,571.34,2123796
02/27/15,554.24,564.71,552.9,558.4,2403553
02/26/15,543.21,556.14,541.5,555.48,2305219
02/25/15,535.9,546.22,535.45,543.87,1821041
02/24/15,530,536.79,528.25,536.09,1002393
02/23/15,536.05,536.44,529.41,531.91,1453907
02/20/15,543.13,543.75,535.8,538.95,1441212
02/19/15,538.04,543.11,538.01,542.87,987478
02/18/15,541.4,545.49,537.51,539.7,1449089
02/17/15,546.83,550,541.09,542.84,1612439
02/13/15,543.35,549.91,543.13,549.01,1895126
02/12/15,537.25,544.82,534.67,542.93,1615824
02/11/15,535.3,538.45,533.38,535.97,1373970
02/10/15,529.3,537.7,526.92,536.94,1745076
02/09/15,528,532,526.02,527.83,1264276
02/06/15,527.64,537.2,526.41,531,1758650
02/05/15,523.79,528.5,522.09,527.58,1844687
02/04/15,529.24,532.67,521.27,522.76,1659125
02/03/15,528,533.4,523.26,529.24,2033085
02/02/15,531.73,533,518.55,528.48,2841976
01/30/15,515.86,539.87,515.52,534.52,5590977
01/29/15,511,511.09,501.2,510.66,4174924
01/28/15,522.78,522.99,510,510,1679230
01/27/15,529.97,530.7,518.19,518.63,1898844
01/26/15,538.53,539,529.67,535.21,1539524
01/23/15,535.59,542.17,533,539.95,2275485
01/22/15,521.48,536.33,519.7,534.39,2669558
01/21/15,507.25,519.28,506.2,518.04,2262455
01/20/15,511,512.5,506.02,506.9,2225922
01/16/15,500.01,508.19,500,508.08,2292043
01/15/15,505.57,505.68,497.76,501.79,2711355
01/14/15,494.65,503.23,493,500.87,2229638
01/13/15,498.84,502.98,492.39,496.18,2365687
01/12/15,494.94,495.98,487.56,492.55,2320446
01/09/15,504.76,504.92,494.79,496.17,2065715
01/08/15,497.99,503.48,491,502.68,3344395
01/07/15,507,507.24,499.65,501.1,2059366
01/06/15,515,516.18,501.05,501.96,2891950
01/05/15,523.26,524.33,513.06,513.87,2054238
01/02/15,529.01,531.27,524.1,524.81,1446662
12/31/14,531.25,532.6,525.8,526.4,1371819
12/30/14,528.09,531.15,527.13,530.42,873923
12/29/14,532.19,535.48,530.01,530.33,2276104
12/26/14,528.77,534.25,527.31,534.03,1037727
12/24/14,530.51,531.76,527.02,528.77,704035
12/23/14,527,534.56,526.29,530.59,2191567
12/22/14,516.08,526.46,516.08,524.87,2723599
12/19/14,511.51,517.72,506.91,516.35,3680148
12/18/14,512.95,513.87,504.7,511.1,2918730
12/17/14,497,507,496.81,504.89,2875281
12/16/14,511.56,513.05,489,495.39,3953371
12/15/14,522.74,523.1,513.27,513.8,2812786
12/12/14,523.51,528.5,518.66,518.66,1989117
12/11/14,527.8,533.92,527.1,528.34,1610964
12/10/14,533.08,536.33,525.56,526.06,1716835
12/09/14,522.14,534.19,520.5,533.37,1871268
12/08/14,527.13,531,523.79,526.98,2327127
12/05/14,531,532.89,524.28,525.26,2558649
12/04/14,531.16,537.34,528.59,537.31,1392208
12/03/14,531.44,536,529.26,531.32,1279288
12/02/14,533.51,535.5,529.8,533.75,1522481
12/01/14,538.9,541.41,531.86,533.8,2109599
11/28/14,540.62,542,536.6,541.83,1145231
11/26/14,540.88,541.55,537.04,540.37,1519503
11/25/14,539,543.98,538.6,541.08,1784967
11/24/14,537.65,542.7,535.62,539.27,1701682
11/21/14,541.61,542.14,536.56,537.5,2218249
11/20/14,531.25,535.11,531.08,534.83,1559131
11/19/14,535,538.24,530.08,536.99,1388440
11/18/14,537.5,541.94,534.17,535.03,1957664
11/17/14,543.58,543.79,534.06,536.51,1721282
11/14/14,546.68,546.68,542.15,544.4,1285991
11/13/14,549.8,549.8,543.48,545.38,1335719
11/12/14,550.39,550.46,545.17,547.31,1126594
11/11/14,548.49,551.94,546.3,550.29,964866
11/10/14,541.46,549.59,541.02,547.49,1131546
11/07/14,546.21,546.21,538.67,541.01,1629259
11/06/14,545.5,546.89,540.97,542.04,1329604
11/05/14,556.8,556.8,544.05,545.92,2026740
11/04/14,553,555.5,549.3,554.11,1240761
11/03/14,555.5,557.9,553.23,555.22,1378511
10/31/14,559.35,559.57,554.75,559.08,2032887
10/30/14,548.95,552.8,543.51,550.31,1451667
10/29/14,550,554.19,546.98,549.33,1767107
10/28/14,543,548.98,541.62,548.9,1273372
10/27/14,537.03,544.41,537.03,540.77,1184973
10/24/14,544.36,544.88,535.79,539.78,1972047
10/23/14,539.32,547.22,535.85,543.98,2345296
10/22/14,529.89,539.8,528.8,532.71,2917183
10/21/14,525.19,526.79,519.11,526.54,2332531
10/20/14,509.45,521.76,508.1,520.84,2605505
10/17/14,527.25,530.98,508.53,511.17,5530674
10/16/14,519,529.43,515,524.51,3698423
10/15/14,531.01,532.8,518.3,530.03,3712536
10/14/14,538.9,547.19,533.17,537.94,2217230
10/13/14,544.99,549.5,533.1,533.21,2578676
10/10/14,557.72,565.13,544.05,544.49,3078634
10/09/14,571.18,571.49,559.06,560.88,2519693
10/08/14,565.57,573.88,557.49,572.5,1987888
10/07/14,574.4,575.27,563.74,563.74,1906427
10/06/14,578.8,581,574.44,577.35,1211320
10/03/14,573.05,577.23,572.5,575.28,1138636
10/02/14,567.31,571.91,563.32,570.08,1175307
10/01/14,576.01,577.58,567.01,568.27,1445027
09/30/14,576.93,579.85,572.85,577.36,1618437
09/29/14,571.75,578.19,571.17,576.36,1281204
09/26/14,576.06,579.25,574.66,577.1,1439807
09/25/14,587.55,587.98,574.18,575.06,1925350
09/24/14,581.46,589.63,580.52,587.99,1724537
09/23/14,586.85,586.85,581,581.13,1467703
09/22/14,593.82,593.95,583.46,587.37,1687710
09/19/14,591.5,596.48,589.5,596.08,3727045
09/18/14,587,589.54,585,589.27,1442012
09/17/14,580.01,587.52,578.78,584.77,1690994
09/16/14,572.76,581.5,572.66,579.95,1478306
09/15/14,572.94,574.95,568.21,573.1,1596224
09/12/14,581,581.64,574.46,575.62,1597677
09/11/14,580.36,581.81,576.26,581.35,1217721
09/10/14,581.5,583.5,576.94,583.1,975145
09/09/14,588.9,589,580,581.01,1286722
09/08/14,586.6,591.77,586.3,589.72,1429101
09/05/14,583.98,586.55,581.95,586.08,1629477
09/04/14,580,586,579.22,581.98,1459956
09/03/14,580,582.99,575,577.94,1214586
09/02/14,571.85,577.83,571.19,577.33,1576830
08/29/14,571.33,572.04,567.07,571.6,1081231
08/28/14,569.56,573.25,567.1,569.2,1295963
08/27/14,577.27,578.49,570.1,571,1700161
08/26/14,581.26,581.8,576.58,577.86,1635465
08/25/14,584.72,585,579,580.2,1358810
08/22/14,583.59,585.24,580.64,582.56,789484
08/21/14,583.82,584.5,581.14,583.37,912854
08/20/14,585.88,586.7,582.57,584.49,1034779
08/19/14,585,587.34,584,586.86,979298
08/18/14,576.11,584.51,576,582.16,1282531
08/15/14,577.86,579.38,570.52,573.48,1517056
08/14/14,576.18,577.9,570.88,574.65,982926
08/13/14,567.31,575,565.75,574.78,1437922
08/12/14,564.52,565.9,560.88,562.73,1537758
08/11/14,569.99,570.49,566,567.88,1215968
08/08/14,563.56,570.25,560.35,568.77,1492491
08/07/14,568,569.89,561.1,563.36,1108900
08/06/14,561.78,570.7,560,566.37,1330877
08/05/14,570.05,571.98,562.61,565.07,1556685
08/04/14,569.04,575.35,564.1,573.15,1427169
08/01/14,570.4,575.96,562.85,566.07,1950171
07/31/14,580.6,583.65,570,571.6,2099516
07/30/14,586.55,589.5,584,587.42,1013932
07/29/14,588.75,589.7,583.52,585.61,1346647
07/28/14,588.07,592.5,584.75,590.6,984161
07/25/14,590.4,591.86,587.03,589.02,932724
07/24/14,596.45,599.5,591.77,593.35,1033341
07/23/14,593.23,597.85,592.5,595.98,1229846
07/22/14,590.72,599.65,590.6,594.74,1694787
07/21/14,591.75,594.4,585.23,589.47,2060334
07/18/14,593,596.8,582,595.08,4006389
07/17/14,579.53,580.99,568.61,573.73,3015475
07/16/14,588,588.4,582.2,582.66,1394560
07/15/14,585.74,585.8,576.56,584.78,1618815
07/14/14,582.6,585.21,578.03,584.87,1852290
07/11/14,571.91,580.85,571.42,579.18,1617569
07/10/14,565.91,576.59,565.01,571.1,1353317
07/09/14,571.58,576.72,569.38,576.08,1113907
07/08/14,577.66,579.53,566.14,571.09,1908647
07/07/14,583.76,586.43,579.59,582.25,1061833
07/03/14,583.35,585.01,580.92,584.73,712210
07/02/14,583.35,585.44,580.39,582.34,1054936
07/01/14,578.32,584.4,576.65,582.67,1446309
06/30/14,578.66,579.57,574.75,575.28,1310909
06/27/14,577.18,579.87,573.8,577.24,2231174
06/26/14,581,582.45,571.85,576,1737210
06/25/14,565.26,579.96,565.22,578.65,1964447
06/24/14,565.19,572.65,561.01,564.62,2201789
06/23/14,555.15,565,554.25,564.95,1534659
06/20/14,556.85,557.58,550.39,556.36,4496962
06/19/14,554.24,555,548.51,554.9,2451341
06/18/14,544.86,553.56,544,553.37,1737343
06/17/14,544.2,545.32,539.33,543.01,1445878
06/16/14,549.26,549.62,541.52,544.28,1704027
06/13/14,552.26,552.3,545.56,551.76,1217176
06/12/14,557.3,557.99,548.46,551.35,1457104
06/11/14,558,559.88,555.02,558.84,1097380
06/10/14,560.51,563.6,557.9,560.55,1349444
06/09/14,557.15,562.9,556.04,562.12,1463676
06/06/14,558.06,558.06,548.93,556.33,1732592
06/05/14,546.4,554.95,544.45,553.9,1684886
06/04/14,541.5,548.61,538.75,544.66,1812084
06/03/14,550.99,552.34,542.55,544.94,1861921
06/02/14,560.7,560.9,545.73,553.93,1434989
05/30/14,560.8,561.35,555.91,559.89,1766794
05/29/14,563.35,564,558.71,560.08,1350657
05/28/14,564.57,567.84,561,561.68,1647717
05/27/14,556,566,554.35,565.95,2100298
05/23/14,547.26,553.64,543.7,552.7,1929632
05/22/14,541.13,547.6,540.78,545.06,1611837
05/21/14,532.9,539.18,531.91,538.94,1193389
05/20/14,529.74,536.23,526.3,529.77,1780113
05/19/14,519.7,529.78,517.58,528.86,1276362
05/16/14,521.39,521.8,515.44,520.63,1481688
05/15/14,525.7,525.87,517.42,519.98,1703758
05/14/14,533,533,525.29,526.65,1191863
05/13/14,530.89,536.07,529.51,533.09,1648907
05/12/14,523.51,530.19,519.01,529.92,1908392
05/09/14,510.75,519.9,504.2,518.73,2432783
05/08/14,508.46,517.23,506.45,511,2016131
05/07/14,515.79,516.68,503.3,509.96,3216077
05/06/14,525.23,526.81,515.06,515.14,1684381
05/05/14,524.82,528.9,521.32,527.81,1021408
05/02/14,533.76,534,525.61,527.93,1685042
05/01/14,527.11,532.93,523.88,531.35,1900432
04/30/14,527.6,528,522.52,526.66,1746904
04/29/14,516.9,529.46,516.32,527.7,2692489
04/28/14,517.18,518.6,502.8,517.15,3326429
04/25/14,522.51,524.7,515.42,516.18,2097264
04/24/14,530.07,531.65,522.12,525.16,1881965
04/23/14,533.79,533.87,526.25,526.94,2051066
04/22/14,528.64,537.23,527.51,534.81,2359421
04/21/14,536.1,536.7,525.6,528.62,2561214
04/17/14,548.81,549.5,531.15,536.1,6795393
04/16/14,543,557,540,556.54,4879889
04/15/14,536.82,538.45,518.46,536.44,3847453
04/14/14,538.25,544.1,529.56,532.52,2568020
04/11/14,532.55,540,526.53,530.6,3916171
04/10/14,565,565,539.9,540.95,4027743
04/09/14,559.62,565.37,552.95,564.14,3324742
04/08/14,542.6,555,541.61,554.9,3152406
04/07/14,540.74,548.48,527.15,538.15,4389569
04/04/14,574.65,577.77,543,543.14,6377658
04/03/14,569.85,587.28,564.13,569.74,5087530
04/03/14,"567.00 Dividend",,,,
